170000,BlueNet, s.r.o.,788176
170001,ZCZ, s.r.o.,823560
170003,ZCZ, s.r.o.,2720148
170006,Epic Internet a.s.,824938
170010,ZCZ, s.r.o.,1535182
170011,GreenStyles, a.s.,91044
170012,Epic Internet a.s.,2404655
170013,Valza, a.s.,2300637
170014,Big žirafa s.r.o.,542138
170015,Valza, a.s.,2245128
170016,Epic Internet a.s.,819033
170017,BlueNet, s.r.o.,31701
170018,Epic Internet a.s.,2534576
170019,GreenStyles, a.s.,1351599
170020,Epic Internet a.s.,2446295
170021,GreenStyles, a.s.,2462151
170022,BlueNet, s.r.o.,294718
170024,BlueNet, s.r.o.,1499976
170026,Martin Nový,490929
170027,Epic Internet a.s.,2006078
170028,Epic Internet a.s.,232840
170029,Big žirafa s.r.o.,51212
170030,Martin Nový,1904717
170031,BlueNet, s.r.o.,2245273
170034,Epic Internet a.s.,571019
170035,Valza, a.s.,759879
170036,BlueNet, s.r.o.,254497
170038,Big žirafa s.r.o.,2558033
170040,GreenStyles, a.s.,2543358
170041,Valza, a.s.,347151
170043,Martin Nový,2323773
170046,ZCZ, s.r.o.,2922223
170047,Big žirafa s.r.o.,1637938
170049,Epic Internet a.s.,61529
170051,Epic Internet a.s.,1304157
170052,Valza, a.s.,1584231
170053,ZCZ, s.r.o.,495538
170054,Big žirafa s.r.o.,387227
170055,BlueNet, s.r.o.,1040485
170057,Martin Nový,1991323
170059,Epic Internet a.s.,2180473
170062,Big žirafa s.r.o.,2489033
170066,Big žirafa s.r.o.,473205
170067,BlueNet, s.r.o.,1142611
170068,Valza, a.s.,2870057
170069,Big žirafa s.r.o.,1638137
170070,BlueNet, s.r.o.,1167853
170073,ZCZ, s.r.o.,662451
170074,ZCZ, s.r.o.,296412
170075,GreenStyles, a.s.,2735397
170077,ZCZ, s.r.o.,756041
170078,Valza, a.s.,431988
170079,Epic Internet a.s.,346388
170080,Valza, a.s.,1357031
170081,ZCZ, s.r.o.,2223086
170082,ZCZ, s.r.o.,1200171
170083,Big žirafa s.r.o.,185341
170085,Valza, a.s.,2080516
170086,GreenStyles, a.s.,1517345
170087,ZCZ, s.r.o.,1704155
170088,Valza, a.s.,2189934
170089,Valza, a.s.,2167958
170090,Valza, a.s.,2307860
170091,Epic Internet a.s.,2321630
170092,BlueNet, s.r.o.,2900156
170093,BlueNet, s.r.o.,14065
170094,Martin Nový,2559005
170095,Valza, a.s.,921931
170097,Valza, a.s.,928400
170098,Valza, a.s.,153163
170100,BlueNet, s.r.o.,-2079
170101,Big žirafa s.r.o.,1267257
170102,ZCZ, s.r.o.,20326
170103,GreenStyles, a.s.,1484528
170104,BlueNet, s.r.o.,336156
170105,Epic Internet a.s.,2971435
170108,Big žirafa s.r.o.,329594
170109,Martin Nový,2620852
170113,GreenStyles, a.s.,2148838
170114,ZCZ, s.r.o.,1460524
170116,Martin Nový,2306828
170117,ZCZ, s.r.o.,1824951
170118,Valza, a.s.,1433092
170119,Epic Internet a.s.,1949858
170121,ZCZ, s.r.o.,888978
170123,GreenStyles, a.s.,2707882
170124,Big žirafa s.r.o.,672787
170125,GreenStyles, a.s.,631027
170126,Valza, a.s.,1499819
170127,Big žirafa s.r.o.,2512369
170128,BlueNet, s.r.o.,2093938
170129,Big žirafa s.r.o.,2527565
170130,BlueNet, s.r.o.,166103
170132,Big žirafa s.r.o.,389290
170134,Epic Internet a.s.,285129
170135,Martin Nový,1209871
170139,Epic Internet a.s.,940816
170140,Valza, a.s.,2734704
170141,Big žirafa s.r.o.,78203
170142,ZCZ, s.r.o.,1913127
170144,Martin Nový,2108081
170145,Big žirafa s.r.o.,2883284
170146,ZCZ, s.r.o.,730441
170147,Valza, a.s.,1236851
170148,Big žirafa s.r.o.,1551290
170149,Big žirafa s.r.o.,959286
170150,Big žirafa s.r.o.,2400159
170151,Valza, a.s.,338890
170152,Martin Nový,2000382
170153,BlueNet, s.r.o.,432083
170155,ZCZ, s.r.o.,384356
170156,Epic Internet a.s.,2740670
170157,BlueNet, s.r.o.,2703017
170159,Epic Internet a.s.,2286476
170160,GreenStyles, a.s.,167985
170161,ZCZ, s.r.o.,673498
170163,Valza, a.s.,1232478
170164,ZCZ, s.r.o.,2895627
170165,BlueNet, s.r.o.,1842308
170166,Epic Internet a.s.,6846
170167,ZCZ, s.r.o.,2541254
170168,Epic Internet a.s.,259449
170169,Martin Nový,2193301
170170,Martin Nový,2971184
170171,GreenStyles, a.s.,1322645
170175,GreenStyles, a.s.,126949
170177,Epic Internet a.s.,978831
170179,ZCZ, s.r.o.,1746413
170180,GreenStyles, a.s.,2391288
170182,Valza, a.s.,2313097
170184,GreenStyles, a.s.,1393143
170186,Big žirafa s.r.o.,1094737
170187,Epic Internet a.s.,1945038
170188,Martin Nový,828160
170189,Martin Nový,1632909
170190,Big žirafa s.r.o.,1831442
170191,Epic Internet a.s.,656313
170194,ZCZ, s.r.o.,1525489
170197,Martin Nový,1492022
170198,GreenStyles, a.s.,2355967
170199,Epic Internet a.s.,2432136
170200,Big žirafa s.r.o.,331992
170202,BlueNet, s.r.o.,1558945
170203,Epic Internet a.s.,1181455
170206,ZCZ, s.r.o.,2870190
170207,Epic Internet a.s.,2520353
170208,Big žirafa s.r.o.,1000534
170209,GreenStyles, a.s.,-4582
170210,Epic Internet a.s.,1293253
170211,Epic Internet a.s.,2660309
170213,Epic Internet a.s.,868016
170214,GreenStyles, a.s.,1128079
170215,Martin Nový,671691
170216,BlueNet, s.r.o.,1272068
170217,Big žirafa s.r.o.,-15433
170218,GreenStyles, a.s.,1617432
170220,ZCZ, s.r.o.,-11372
170222,ZCZ, s.r.o.,382892
170225,Big žirafa s.r.o.,2268151
170227,BlueNet, s.r.o.,1416029
170228,Martin Nový,772704
170229,BlueNet, s.r.o.,1670069
170230,Big žirafa s.r.o.,2950557
170231,BlueNet, s.r.o.,2396555
170232,ZCZ, s.r.o.,2366426
170233,Martin Nový,781159
170234,Valza, a.s.,105480
170235,Valza, a.s.,1428596
170236,Big žirafa s.r.o.,688703
170237,Epic Internet a.s.,2431539
170238,ZCZ, s.r.o.,2457857
170239,ZCZ, s.r.o.,2626853
170240,Big žirafa s.r.o.,1353479
170241,Big žirafa s.r.o.,1608307
170242,BlueNet, s.r.o.,1883545
170243,GreenStyles, a.s.,107248
170244,Martin Nový,609695
170245,Valza, a.s.,2708580
170248,GreenStyles, a.s.,2480393
170249,BlueNet, s.r.o.,396829
170251,Valza, a.s.,451939
170252,ZCZ, s.r.o.,2713051
170253,Valza, a.s.,1727879
170254,Martin Nový,2894044
170255,Martin Nový,2537480
170256,Epic Internet a.s.,911733
170257,ZCZ, s.r.o.,1333308
170259,ZCZ, s.r.o.,1404578
170260,Big žirafa s.r.o.,328185
170261,BlueNet, s.r.o.,1936989
170263,Martin Nový,2043405
170264,ZCZ, s.r.o.,184122
170265,Epic Internet a.s.,2788882
170266,Big žirafa s.r.o.,1736526
170267,Martin Nový,1613061
170268,Epic Internet a.s.,403315
170269,GreenStyles, a.s.,1400246
170272,Valza, a.s.,1369754
170273,ZCZ, s.r.o.,2350484
170274,Valza, a.s.,2635222
170278,GreenStyles, a.s.,2098064
170279,Valza, a.s.,43249
170280,BlueNet, s.r.o.,55441
170281,Valza, a.s.,1288937
170282,Martin Nový,1051332
170283,Valza, a.s.,1730996
170286,Epic Internet a.s.,560604
170290,Valza, a.s.,43189
170291,GreenStyles, a.s.,2336404
170292,ZCZ, s.r.o.,2478761
170294,Martin Nový,1727437
170295,Big žirafa s.r.o.,814359
170296,GreenStyles, a.s.,1323467
170299,Epic Internet a.s.,550608
170300,BlueNet, s.r.o.,995360
170301,Epic Internet a.s.,2077999
170305,Big žirafa s.r.o.,365405
170306,ZCZ, s.r.o.,566808
170308,Big žirafa s.r.o.,427613
170309,ZCZ, s.r.o.,935719
170310,GreenStyles, a.s.,1252963
170312,GreenStyles, a.s.,1619232
170313,GreenStyles, a.s.,1546621
170314,Epic Internet a.s.,2009494
170316,Valza, a.s.,1997682
170317,Martin Nový,2885284
170318,Big žirafa s.r.o.,2249250
170319,Martin Nový,2628597
170320,Epic Internet a.s.,2097387
170322,BlueNet, s.r.o.,1936298
170325,Epic Internet a.s.,1087739
170326,ZCZ, s.r.o.,1616716
170328,Martin Nový,761192
170329,Martin Nový,217871
170331,ZCZ, s.r.o.,1087817
170332,BlueNet, s.r.o.,1733104
170333,Valza, a.s.,2810525
170334,Epic Internet a.s.,2805754
170336,Big žirafa s.r.o.,1421996
170339,BlueNet, s.r.o.,538745
170340,Big žirafa s.r.o.,429991
170341,Martin Nový,2765550
170342,Big žirafa s.r.o.,1728590
170343,Big žirafa s.r.o.,1356972
170344,ZCZ, s.r.o.,1112562
170346,BlueNet, s.r.o.,1341421
170347,Epic Internet a.s.,301717
170348,Epic Internet a.s.,2138532
170349,BlueNet, s.r.o.,20545
170350,Valza, a.s.,2726857
170353,Big žirafa s.r.o.,2659658
170354,ZCZ, s.r.o.,705527
170356,BlueNet, s.r.o.,1207107
170357,Martin Nový,1180041
170358,BlueNet, s.r.o.,498023
170359,BlueNet, s.r.o.,913918
170361,Martin Nový,35298
170362,GreenStyles, a.s.,599379
170363,ZCZ, s.r.o.,1863016
170364,BlueNet, s.r.o.,2247889
170365,GreenStyles, a.s.,1603082
170366,Epic Internet a.s.,1163474
170368,Epic Internet a.s.,1206240
170370,GreenStyles, a.s.,2950876
170371,Big žirafa s.r.o.,982941
170372,GreenStyles, a.s.,2542791
170373,Big žirafa s.r.o.,2838946
170374,ZCZ, s.r.o.,2608110
170377,Valza, a.s.,121457
170378,Valza, a.s.,19098
170379,Valza, a.s.,2089325
170380,Big žirafa s.r.o.,2502977
170382,ZCZ, s.r.o.,2722766
170383,Epic Internet a.s.,1329293
170385,BlueNet, s.r.o.,1605526
170386,Martin Nový,1169652
170387,Epic Internet a.s.,357664
170388,Martin Nový,1078809
170389,Epic Internet a.s.,1369319
170390,Valza, a.s.,2334258
170391,Epic Internet a.s.,401402
170392,ZCZ, s.r.o.,2379251
170393,ZCZ, s.r.o.,580030
170394,Epic Internet a.s.,2353026
170395,Valza, a.s.,2289159
170396,ZCZ, s.r.o.,729014
170397,BlueNet, s.r.o.,58774
170398,Martin Nový,842896
170399,Epic Internet a.s.,15319
170400,Epic Internet a.s.,981868
170401,GreenStyles, a.s.,2985812
170402,Martin Nový,2534304
170404,ZCZ, s.r.o.,907700
170405,GreenStyles, a.s.,2733104
170407,Epic Internet a.s.,2627895
170408,Martin Nový,1190028
170409,Epic Internet a.s.,2380519
170411,GreenStyles, a.s.,714663
170412,BlueNet, s.r.o.,923430
170414,ZCZ, s.r.o.,1604052
170415,Big žirafa s.r.o.,1571621
170416,GreenStyles, a.s.,1040441
170417,Epic Internet a.s.,861603
170419,GreenStyles, a.s.,2121840
170420,Martin Nový,7338
170421,Epic Internet a.s.,2607317
170422,ZCZ, s.r.o.,1895519
170423,Big žirafa s.r.o.,320321
170424,Martin Nový,1629735
170425,Big žirafa s.r.o.,717188
170426,ZCZ, s.r.o.,2185408
170428,GreenStyles, a.s.,1605175
170430,Valza, a.s.,687269
170431,GreenStyles, a.s.,2340748
170432,ZCZ, s.r.o.,1526322
170434,Epic Internet a.s.,280362
170435,Big žirafa s.r.o.,2143620
170437,Epic Internet a.s.,163478
170438,Valza, a.s.,114061
170440,ZCZ, s.r.o.,1645009
170442,Martin Nový,453797
170443,Valza, a.s.,403502
170444,GreenStyles, a.s.,2209015
170445,Epic Internet a.s.,1000278
170446,BlueNet, s.r.o.,853939
170447,Big žirafa s.r.o.,224650
170448,Valza, a.s.,2770608
170450,GreenStyles, a.s.,813034
170451,Martin Nový,2501571
170452,BlueNet, s.r.o.,2005645
170453,Epic Internet a.s.,1600056
170456,Epic Internet a.s.,2566909
170458,BlueNet, s.r.o.,2294699
170462,ZCZ, s.r.o.,1246890
170463,Valza, a.s.,291251
170464,BlueNet, s.r.o.,2964110
170466,GreenStyles, a.s.,926405
170467,Epic Internet a.s.,2942807
170470,Epic Internet a.s.,387059
170473,Valza, a.s.,696400
170474,ZCZ, s.r.o.,1872083
170475,Big žirafa s.r.o.,2731070
170476,Valza, a.s.,1575996
170478,BlueNet, s.r.o.,2154069
170479,BlueNet, s.r.o.,657433
170480,Epic Internet a.s.,2025019
170481,Big žirafa s.r.o.,1339348
170482,Big žirafa s.r.o.,2827172
170485,Epic Internet a.s.,1328412
170486,BlueNet, s.r.o.,829987
170487,Big žirafa s.r.o.,1698375
170489,Big žirafa s.r.o.,2227030
170490,Valza, a.s.,2216408
170492,Big žirafa s.r.o.,2327242
170494,Valza, a.s.,551052
170495,GreenStyles, a.s.,562478
170496,BlueNet, s.r.o.,518925
170497,Valza, a.s.,2877158
170499,Epic Internet a.s.,1037529
170501,Valza, a.s.,355647
170502,GreenStyles, a.s.,1658620
170503,Big žirafa s.r.o.,1365793
170504,Martin Nový,349153
170505,Big žirafa s.r.o.,2577147
170507,Epic Internet a.s.,1700132
170508,BlueNet, s.r.o.,1505388
170509,ZCZ, s.r.o.,1208508
170510,ZCZ, s.r.o.,304496
170512,Epic Internet a.s.,1243369
170513,Martin Nový,1326176
170514,Martin Nový,367521
170515,GreenStyles, a.s.,1659236
170516,Valza, a.s.,2589543
170518,Martin Nový,864582
170520,Epic Internet a.s.,2920643
170521,Epic Internet a.s.,1349177
170522,BlueNet, s.r.o.,172498
170523,Epic Internet a.s.,2004071
170524,Valza, a.s.,1198763
170525,BlueNet, s.r.o.,539744
170526,Big žirafa s.r.o.,694615
170527,Martin Nový,707338
170528,Martin Nový,1660820
170529,Big žirafa s.r.o.,1590905
170532,ZCZ, s.r.o.,632680
170533,Epic Internet a.s.,2027796
170534,Epic Internet a.s.,2779811
170536,Big žirafa s.r.o.,159859
170538,BlueNet, s.r.o.,1077313
170541,Big žirafa s.r.o.,1083889
170542,Epic Internet a.s.,2032986
170543,GreenStyles, a.s.,1373064
170544,Epic Internet a.s.,1266720
170545,Martin Nový,1311495
170548,Big žirafa s.r.o.,37894
170549,BlueNet, s.r.o.,839164
170551,BlueNet, s.r.o.,48335
170552,Big žirafa s.r.o.,1721606
170553,Epic Internet a.s.,1179054
170555,ZCZ, s.r.o.,2501298
170557,Martin Nový,2179147
170558,Epic Internet a.s.,723853
170559,Valza, a.s.,924414
170562,Martin Nový,2392637
170563,ZCZ, s.r.o.,2873907
170565,Valza, a.s.,234033
170566,Valza, a.s.,518170
170567,Valza, a.s.,2021298
170568,Big žirafa s.r.o.,1886821
170569,Epic Internet a.s.,990714
170570,Martin Nový,2384558
170571,Big žirafa s.r.o.,1679476
170572,GreenStyles, a.s.,163272
170574,Big žirafa s.r.o.,927537
170575,BlueNet, s.r.o.,1681550
170576,Big žirafa s.r.o.,2390107
170577,Valza, a.s.,897267
170578,Valza, a.s.,2834176
170579,Epic Internet a.s.,80010
170580,Big žirafa s.r.o.,-12986
170581,Big žirafa s.r.o.,1347321
170582,BlueNet, s.r.o.,1808833
170583,BlueNet, s.r.o.,166846
170584,ZCZ, s.r.o.,1442081
170585,Martin Nový,2930063
170586,Big žirafa s.r.o.,229207
170587,GreenStyles, a.s.,2100333
170588,Epic Internet a.s.,208047
170589,ZCZ, s.r.o.,708535
170590,BlueNet, s.r.o.,1902642
170591,BlueNet, s.r.o.,2630893
170592,GreenStyles, a.s.,1691463
170594,Epic Internet a.s.,1548820
170595,Big žirafa s.r.o.,2638255
170596,Big žirafa s.r.o.,298052
170597,BlueNet, s.r.o.,2881072
170600,ZCZ, s.r.o.,1771787
170601,Epic Internet a.s.,824739
170603,Big žirafa s.r.o.,1511167
170604,Martin Nový,1607072
170605,GreenStyles, a.s.,1494860
170606,Epic Internet a.s.,1002003
170607,Epic Internet a.s.,667173
170608,BlueNet, s.r.o.,382336
170610,ZCZ, s.r.o.,2221815
170611,Big žirafa s.r.o.,2486585
170612,BlueNet, s.r.o.,952173
170614,BlueNet, s.r.o.,1223116
170615,Epic Internet a.s.,2391595
170616,Epic Internet a.s.,215702
170617,Big žirafa s.r.o.,1576155
170621,GreenStyles, a.s.,58136
170622,Valza, a.s.,281040
170623,BlueNet, s.r.o.,1352257
170626,ZCZ, s.r.o.,2578089
170627,Big žirafa s.r.o.,285989
170628,BlueNet, s.r.o.,1112255
170630,ZCZ, s.r.o.,1126016
170633,Big žirafa s.r.o.,101983
170634,GreenStyles, a.s.,1641286
170638,Valza, a.s.,1285064
170639,BlueNet, s.r.o.,1348792
170640,Big žirafa s.r.o.,1403993
170641,Martin Nový,1125153
170642,Martin Nový,2297868
170643,Epic Internet a.s.,60759
170644,BlueNet, s.r.o.,870473
170645,ZCZ, s.r.o.,2367194
170646,Epic Internet a.s.,610651
170648,ZCZ, s.r.o.,2428838
170649,BlueNet, s.r.o.,1055694
170650,ZCZ, s.r.o.,2494904
170653,Epic Internet a.s.,2084880
170655,Valza, a.s.,2206075
170656,Epic Internet a.s.,554352
170658,Martin Nový,898938
170659,Big žirafa s.r.o.,2011387
170661,GreenStyles, a.s.,2596844
170662,GreenStyles, a.s.,1628477
170663,Big žirafa s.r.o.,2502730
170664,Martin Nový,2613565
170665,ZCZ, s.r.o.,1256374
170666,Martin Nový,1865197
170667,Martin Nový,664798
170668,Valza, a.s.,2430444
170669,BlueNet, s.r.o.,1617123
170671,BlueNet, s.r.o.,1314797
170672,Big žirafa s.r.o.,1439354
170673,Martin Nový,2820852
170674,GreenStyles, a.s.,1789445
170675,BlueNet, s.r.o.,1044345
170676,Big žirafa s.r.o.,2296428
170677,ZCZ, s.r.o.,2506281
170678,BlueNet, s.r.o.,2402930
170680,Big žirafa s.r.o.,2990635
170682,ZCZ, s.r.o.,466007
170683,GreenStyles, a.s.,409929
170685,BlueNet, s.r.o.,309180
170686,Valza, a.s.,1435506
170687,Valza, a.s.,1984246
170688,Valza, a.s.,365734
170689,Martin Nový,1602037
170692,GreenStyles, a.s.,701056
170695,Big žirafa s.r.o.,344278
170696,Martin Nový,135003
170697,Big žirafa s.r.o.,2860559
170698,Epic Internet a.s.,2710120
170699,Big žirafa s.r.o.,176647
170700,Epic Internet a.s.,1700215
170701,ZCZ, s.r.o.,2562593
170702,GreenStyles, a.s.,720380
170704,Big žirafa s.r.o.,2564727
170707,Big žirafa s.r.o.,74507
170708,Epic Internet a.s.,1356283
170709,Martin Nový,1197209
170710,Big žirafa s.r.o.,27665
170711,Valza, a.s.,2334303
170712,ZCZ, s.r.o.,2857577
170713,Epic Internet a.s.,2416290
170714,Valza, a.s.,2711139
170715,BlueNet, s.r.o.,2491656
170718,BlueNet, s.r.o.,1808072
170719,Martin Nový,397622
170720,Big žirafa s.r.o.,1508274
170721,Martin Nový,2013033
170722,GreenStyles, a.s.,2762536
170723,Valza, a.s.,2328693
170724,GreenStyles, a.s.,1294099
170725,Epic Internet a.s.,1500501
170726,Epic Internet a.s.,1264808
170727,GreenStyles, a.s.,765862
170728,Big žirafa s.r.o.,950929
170730,Valza, a.s.,1373236
170731,Big žirafa s.r.o.,1720663
170732,GreenStyles, a.s.,989055
170733,Martin Nový,581735
170735,Martin Nový,1543943
170736,Big žirafa s.r.o.,1726678
170737,GreenStyles, a.s.,1513048
170738,BlueNet, s.r.o.,1178154
170743,ZCZ, s.r.o.,2294403
170745,Big žirafa s.r.o.,668628
170746,Epic Internet a.s.,1362183
170747,BlueNet, s.r.o.,1435255
170748,GreenStyles, a.s.,123793
170749,Martin Nový,1901794
170751,Big žirafa s.r.o.,2600755
170756,ZCZ, s.r.o.,615559
170757,BlueNet, s.r.o.,1226801
170758,Epic Internet a.s.,358006
170762,BlueNet, s.r.o.,1134372
170763,Epic Internet a.s.,1315133
170764,Valza, a.s.,2636261
170765,BlueNet, s.r.o.,1583029
170766,Epic Internet a.s.,1667579
170767,Martin Nový,1301017
170768,Epic Internet a.s.,649510
170769,Valza, a.s.,2049505
170770,Martin Nový,224978
170772,BlueNet, s.r.o.,2756135
170773,BlueNet, s.r.o.,28993
170774,ZCZ, s.r.o.,924414
170775,GreenStyles, a.s.,2885180
170776,Martin Nový,1166581
170777,Martin Nový,860884
170778,Big žirafa s.r.o.,1396226
170779,Valza, a.s.,1444475
170781,Martin Nový,1250361
170782,ZCZ, s.r.o.,2619593
170784,Martin Nový,743217
170785,GreenStyles, a.s.,658838
170787,Big žirafa s.r.o.,2629373
170788,BlueNet, s.r.o.,2201385
170789,BlueNet, s.r.o.,2990162
170791,Epic Internet a.s.,1292346
170793,BlueNet, s.r.o.,2284984
170794,Epic Internet a.s.,475487
170795,ZCZ, s.r.o.,504312
170797,ZCZ, s.r.o.,2497514
170798,Valza, a.s.,1948291
170803,ZCZ, s.r.o.,2205851
170804,Martin Nový,2108176
170805,BlueNet, s.r.o.,2545877
170806,Valza, a.s.,520654
170807,ZCZ, s.r.o.,108985
170808,BlueNet, s.r.o.,1409512
170809,BlueNet, s.r.o.,2074182
170810,Epic Internet a.s.,435365
170811,Epic Internet a.s.,1627092
170812,GreenStyles, a.s.,918045
170813,Martin Nový,2349727
170814,Big žirafa s.r.o.,906959
170815,ZCZ, s.r.o.,1616850
170816,GreenStyles, a.s.,1982953
170817,ZCZ, s.r.o.,260639
170819,Martin Nový,1826946
170820,Epic Internet a.s.,2292497
170824,BlueNet, s.r.o.,1410730
170825,Valza, a.s.,1744971
170827,GreenStyles, a.s.,2660227
170828,GreenStyles, a.s.,2437884
170829,Big žirafa s.r.o.,2298807
170830,Epic Internet a.s.,100642
170832,BlueNet, s.r.o.,443886
170833,Epic Internet a.s.,2130186
170835,GreenStyles, a.s.,419802
170836,Martin Nový,2045659
170837,Big žirafa s.r.o.,2749832
170839,Valza, a.s.,985408
170840,Martin Nový,1790182
170841,GreenStyles, a.s.,588672
170842,Valza, a.s.,1701857
170843,Martin Nový,1080691
170844,GreenStyles, a.s.,541200
170846,BlueNet, s.r.o.,2295693
170847,BlueNet, s.r.o.,1021839
170848,Valza, a.s.,2199023
170849,Big žirafa s.r.o.,40022
170851,Martin Nový,695178
170852,ZCZ, s.r.o.,80142
170853,BlueNet, s.r.o.,1167053
170854,Martin Nový,575571
170857,GreenStyles, a.s.,1292623
170858,BlueNet, s.r.o.,654701
170859,Big žirafa s.r.o.,1998338
170862,Epic Internet a.s.,149967
170863,GreenStyles, a.s.,1657230
170865,Martin Nový,2999425
170866,Valza, a.s.,494395
170867,Big žirafa s.r.o.,246332
170868,Martin Nový,1807811
170869,GreenStyles, a.s.,2056823
170871,Valza, a.s.,439739
170872,Epic Internet a.s.,2571883
170873,ZCZ, s.r.o.,1889899
170876,Valza, a.s.,74655
170877,Valza, a.s.,2997494
170879,Valza, a.s.,772612
170880,Epic Internet a.s.,686143
170881,BlueNet, s.r.o.,1920785
170882,Big žirafa s.r.o.,2377276
170884,Big žirafa s.r.o.,2201349
170885,GreenStyles, a.s.,575883
170886,BlueNet, s.r.o.,2834485
170888,BlueNet, s.r.o.,1875236
170889,Valza, a.s.,1491984
170890,Epic Internet a.s.,2350029
170892,Big žirafa s.r.o.,2142109
170893,Epic Internet a.s.,1601427
170894,GreenStyles, a.s.,1257935
170896,Martin Nový,2222023
170897,Martin Nový,1804868
170898,Martin Nový,1776253
170899,Big žirafa s.r.o.,1559275
170900,GreenStyles, a.s.,722530
170901,ZCZ, s.r.o.,2016641
170902,Epic Internet a.s.,1617743
170903,Epic Internet a.s.,1817223
170904,Big žirafa s.r.o.,1167573
170908,Martin Nový,2147641
170910,Big žirafa s.r.o.,1577709
170911,Valza, a.s.,2088329
170915,BlueNet, s.r.o.,2354529
170916,BlueNet, s.r.o.,290749
170917,GreenStyles, a.s.,2248417
170921,ZCZ, s.r.o.,1326069
170922,Valza, a.s.,1599330
170924,BlueNet, s.r.o.,1539514
170925,Valza, a.s.,2427626
170926,BlueNet, s.r.o.,1327360
170929,Big žirafa s.r.o.,2256008
170930,Martin Nový,1579741
170931,Big žirafa s.r.o.,462811
170932,Martin Nový,2914065
170933,ZCZ, s.r.o.,757956
170934,BlueNet, s.r.o.,562916
170936,GreenStyles, a.s.,1272659
170937,Big žirafa s.r.o.,1367425
170938,ZCZ, s.r.o.,485533
170939,Epic Internet a.s.,1068842
170940,GreenStyles, a.s.,925313
170941,Martin Nový,2670596
170943,ZCZ, s.r.o.,345961
170944,Epic Internet a.s.,1020705
170946,ZCZ, s.r.o.,2070670
170947,Martin Nový,468132
170948,Epic Internet a.s.,1707210
170949,ZCZ, s.r.o.,2249228
170950,ZCZ, s.r.o.,2874508
170951,Valza, a.s.,2557733
170952,GreenStyles, a.s.,301564
170953,Valza, a.s.,128564
170954,ZCZ, s.r.o.,1112805
170957,ZCZ, s.r.o.,1536653
170961,Martin Nový,94069
170963,GreenStyles, a.s.,126776
170964,Valza, a.s.,1515942
170966,Valza, a.s.,1014090
170967,Valza, a.s.,2953289
170968,ZCZ, s.r.o.,2817033
170969,ZCZ, s.r.o.,400277
170970,GreenStyles, a.s.,1158467
170971,GreenStyles, a.s.,1456139
170973,Martin Nový,615137
170974,Epic Internet a.s.,1765188
170975,Valza, a.s.,1968357
170976,Epic Internet a.s.,2754605
170978,Valza, a.s.,68836
170979,Epic Internet a.s.,799067
170980,ZCZ, s.r.o.,2316412
170982,Valza, a.s.,1552108
170983,Martin Nový,895369
170985,Big žirafa s.r.o.,186081
170986,GreenStyles, a.s.,1229310
170987,Epic Internet a.s.,2641420
170988,Valza, a.s.,1092923
170989,ZCZ, s.r.o.,321224
170990,BlueNet, s.r.o.,528382
170991,ZCZ, s.r.o.,577378
170992,BlueNet, s.r.o.,2948867
170993,ZCZ, s.r.o.,2024043
170994,Martin Nový,1534335
170995,Epic Internet a.s.,2261498
170998,Martin Nový,2110061
170999,Valza, a.s.,2036322
171000,Epic Internet a.s.,2157637
171001,Valza, a.s.,2628949
171002,ZCZ, s.r.o.,1565707
171003,GreenStyles, a.s.,1455157
171004,GreenStyles, a.s.,462530
171005,ZCZ, s.r.o.,6350
171006,GreenStyles, a.s.,544348
171007,Big žirafa s.r.o.,2838580
171008,ZCZ, s.r.o.,2710863
171009,Martin Nový,994160
171010,Martin Nový,2877366
171011,Martin Nový,2868847
171013,Martin Nový,2514320
171014,GreenStyles, a.s.,344739
171015,BlueNet, s.r.o.,2240478
171016,Big žirafa s.r.o.,2772953
171019,ZCZ, s.r.o.,819578
171020,Epic Internet a.s.,1071695
171022,Big žirafa s.r.o.,570230
171024,Martin Nový,2720068
171025,ZCZ, s.r.o.,283938
171027,BlueNet, s.r.o.,450281
171029,Martin Nový,923504
171030,Valza, a.s.,2186869
171032,ZCZ, s.r.o.,1614887
171034,Martin Nový,987262
171035,Epic Internet a.s.,633118
171037,GreenStyles, a.s.,1421024
171039,BlueNet, s.r.o.,814806
171041,ZCZ, s.r.o.,1972413
171042,GreenStyles, a.s.,1649814
171043,BlueNet, s.r.o.,2910779
171045,GreenStyles, a.s.,2274708
171047,Martin Nový,2734732
171049,Epic Internet a.s.,559194
171050,Valza, a.s.,1918486
171051,Valza, a.s.,1767459
171052,Epic Internet a.s.,2095942
171053,Martin Nový,2504318
171056,ZCZ, s.r.o.,2385174
171059,Martin Nový,1800423
171060,Martin Nový,1233027
171061,Epic Internet a.s.,198991
171062,BlueNet, s.r.o.,2750298
171063,Big žirafa s.r.o.,2598911
171065,BlueNet, s.r.o.,2673865
171066,BlueNet, s.r.o.,674904
171067,BlueNet, s.r.o.,1170324
171068,GreenStyles, a.s.,574380
171069,Epic Internet a.s.,504365
171070,ZCZ, s.r.o.,2079706
171072,Valza, a.s.,1424234
171073,BlueNet, s.r.o.,2137030
171074,BlueNet, s.r.o.,1103515
171075,ZCZ, s.r.o.,687345
171077,Epic Internet a.s.,150755
171078,Martin Nový,1321502
171081,BlueNet, s.r.o.,296170
171082,GreenStyles, a.s.,2018149
171083,GreenStyles, a.s.,1086682
171084,Martin Nový,849144
171085,GreenStyles, a.s.,2316608
171087,ZCZ, s.r.o.,2839415
171089,Big žirafa s.r.o.,1766730
171090,Valza, a.s.,1281255
171091,Epic Internet a.s.,1631091
171094,ZCZ, s.r.o.,2734766
171096,BlueNet, s.r.o.,335327
171098,Valza, a.s.,2347326
171099,Epic Internet a.s.,1466874
171101,GreenStyles, a.s.,1356324
171102,Epic Internet a.s.,1045518
171104,Martin Nový,2450074
171105,Martin Nový,54126
171106,Martin Nový,2548608
171107,Epic Internet a.s.,946802
171108,Epic Internet a.s.,561041
171109,GreenStyles, a.s.,1669066
171110,ZCZ, s.r.o.,606422
171112,Big žirafa s.r.o.,2986798
171114,GreenStyles, a.s.,2021481
171115,Valza, a.s.,697306
171116,Martin Nový,898459
171117,Valza, a.s.,870862
171118,BlueNet, s.r.o.,303205
171119,BlueNet, s.r.o.,2040563
171120,BlueNet, s.r.o.,1098024
171121,Epic Internet a.s.,2077494
171122,Valza, a.s.,470912
171124,BlueNet, s.r.o.,2857439
171125,BlueNet, s.r.o.,1082402
171127,Epic Internet a.s.,1011958
171128,Martin Nový,2745621
171129,Valza, a.s.,839911
171131,Epic Internet a.s.,2504853
171132,Martin Nový,1141140
171133,Big žirafa s.r.o.,2924141
171134,Martin Nový,752742
171135,BlueNet, s.r.o.,2817329
171136,Valza, a.s.,1430595
171137,ZCZ, s.r.o.,794191
171138,ZCZ, s.r.o.,1520403
171140,Valza, a.s.,812031
171141,GreenStyles, a.s.,726521
171142,Epic Internet a.s.,2645588
171143,Valza, a.s.,670438
171144,ZCZ, s.r.o.,2094163
171145,ZCZ, s.r.o.,1843937
171146,Martin Nový,1324874
171149,BlueNet, s.r.o.,516198
171151,Valza, a.s.,2502734
171152,Martin Nový,27253
171153,GreenStyles, a.s.,2068193
171154,Epic Internet a.s.,583394
171156,BlueNet, s.r.o.,2774044
171157,Big žirafa s.r.o.,1262250
171158,BlueNet, s.r.o.,2284324
171159,Martin Nový,80671
171160,GreenStyles, a.s.,1732874
171161,GreenStyles, a.s.,1295743
171162,BlueNet, s.r.o.,1086962
171164,GreenStyles, a.s.,2221800
171166,ZCZ, s.r.o.,1244891
171168,ZCZ, s.r.o.,98060
171170,Martin Nový,327305
171171,BlueNet, s.r.o.,2218773
171173,Martin Nový,2097167
171175,Big žirafa s.r.o.,1163466
171178,GreenStyles, a.s.,2086882
171179,Martin Nový,2155014
171180,Valza, a.s.,650328
171181,Epic Internet a.s.,2810403
171182,Epic Internet a.s.,1365661
171184,GreenStyles, a.s.,1496118
171185,GreenStyles, a.s.,2526523
171186,BlueNet, s.r.o.,2570573
171188,ZCZ, s.r.o.,2771735
171189,Big žirafa s.r.o.,858388
171190,Martin Nový,474034
171191,ZCZ, s.r.o.,2239249
171193,Martin Nový,444402
171194,Valza, a.s.,2337898
171195,Valza, a.s.,2818861
171196,Epic Internet a.s.,896518
171197,Epic Internet a.s.,1495904
171200,GreenStyles, a.s.,1954340
171201,GreenStyles, a.s.,2373310
171203,GreenStyles, a.s.,1209082
171204,GreenStyles, a.s.,471931
171205,Epic Internet a.s.,2849792
171206,ZCZ, s.r.o.,2749244
171207,BlueNet, s.r.o.,2845149
171209,Epic Internet a.s.,1741862
171211,Martin Nový,2894826
171212,Valza, a.s.,852009
171213,Valza, a.s.,1581278
171214,GreenStyles, a.s.,1135107
171216,Valza, a.s.,1697155
171217,GreenStyles, a.s.,1759779
171218,GreenStyles, a.s.,2034268
171219,Big žirafa s.r.o.,284321
171220,Big žirafa s.r.o.,2253475
171221,Martin Nový,1438266
171222,ZCZ, s.r.o.,2356863
171223,Big žirafa s.r.o.,2208272
171224,Epic Internet a.s.,1040183
171226,ZCZ, s.r.o.,2238555
171227,Valza, a.s.,2997003
171230,GreenStyles, a.s.,1835293
171231,Valza, a.s.,2190779
171232,Martin Nový,1868946
171233,Valza, a.s.,1024168
171235,ZCZ, s.r.o.,97332
171236,GreenStyles, a.s.,312881
171237,Valza, a.s.,397089
171239,Martin Nový,634969
171241,Epic Internet a.s.,2283100
171242,Epic Internet a.s.,2119642
171243,GreenStyles, a.s.,124651
171244,BlueNet, s.r.o.,1932740
171247,BlueNet, s.r.o.,1449962
171249,Big žirafa s.r.o.,1668987
171253,Epic Internet a.s.,2635428
171254,Epic Internet a.s.,1789738
171255,GreenStyles, a.s.,2279501
171257,Valza, a.s.,1594885
171258,Valza, a.s.,2785792
171260,Big žirafa s.r.o.,644429
171262,Valza, a.s.,285949
171263,BlueNet, s.r.o.,767370
171264,GreenStyles, a.s.,1401756
171265,Big žirafa s.r.o.,2013972
171266,ZCZ, s.r.o.,777733
171268,Valza, a.s.,1403694
171271,ZCZ, s.r.o.,321337
171272,Epic Internet a.s.,1284323
171277,Martin Nový,1633876
171279,ZCZ, s.r.o.,559441
171280,Big žirafa s.r.o.,1885032
171281,Epic Internet a.s.,1602991
171282,Martin Nový,2983721
171283,ZCZ, s.r.o.,1524121
171284,Big žirafa s.r.o.,66056
171286,Epic Internet a.s.,2961247
171289,Epic Internet a.s.,2147516
171290,GreenStyles, a.s.,1310758
171291,ZCZ, s.r.o.,1665797
171292,Epic Internet a.s.,595500
171295,Martin Nový,2790142
171296,BlueNet, s.r.o.,1881643
171297,Valza, a.s.,2637022
171298,GreenStyles, a.s.,774538
171301,ZCZ, s.r.o.,2059404
171302,Valza, a.s.,1677586
171304,Epic Internet a.s.,2183766
171305,Epic Internet a.s.,1541872
171307,ZCZ, s.r.o.,2092438
171308,Big žirafa s.r.o.,2250996
171309,Big žirafa s.r.o.,2671304
171310,BlueNet, s.r.o.,1389622
171312,Martin Nový,617736
171314,Valza, a.s.,2347269
171316,Valza, a.s.,1762479
171318,Martin Nový,625887
171319,GreenStyles, a.s.,1155194
171320,Big žirafa s.r.o.,579225
171322,Big žirafa s.r.o.,2237927
171324,Martin Nový,380781
171326,Big žirafa s.r.o.,42717
171327,GreenStyles, a.s.,2065344
171328,Martin Nový,2767722
171332,Big žirafa s.r.o.,231798
171334,Martin Nový,2080727
171335,ZCZ, s.r.o.,2412132
171337,BlueNet, s.r.o.,2483311
171338,ZCZ, s.r.o.,846344
171339,GreenStyles, a.s.,1868856
171340,ZCZ, s.r.o.,739690
171341,Martin Nový,416487
171343,ZCZ, s.r.o.,1883517
171344,GreenStyles, a.s.,2164337
171345,Big žirafa s.r.o.,1878539
171346,Martin Nový,547877
171347,BlueNet, s.r.o.,61417
171348,Epic Internet a.s.,1311488
171351,BlueNet, s.r.o.,1626744
171352,Big žirafa s.r.o.,1340876
171353,Epic Internet a.s.,1984334
171354,ZCZ, s.r.o.,2850882
171355,Martin Nový,1071888
171356,Big žirafa s.r.o.,2333928
171357,Martin Nový,2797927
171359,ZCZ, s.r.o.,2570462
171361,Martin Nový,2272887
171362,GreenStyles, a.s.,2834704
171363,Big žirafa s.r.o.,840825
171364,Big žirafa s.r.o.,1855399
171365,ZCZ, s.r.o.,2819964
171366,Martin Nový,900168
171367,ZCZ, s.r.o.,1386221
171368,ZCZ, s.r.o.,1061023
171369,BlueNet, s.r.o.,537042
171370,Epic Internet a.s.,84091
171374,Epic Internet a.s.,1412588
171375,ZCZ, s.r.o.,2986364
171376,Big žirafa s.r.o.,1436052
171377,ZCZ, s.r.o.,781157
171378,GreenStyles, a.s.,2421701
171380,BlueNet, s.r.o.,1993977
171382,BlueNet, s.r.o.,2443340
171383,GreenStyles, a.s.,975639
171384,GreenStyles, a.s.,1982998
171386,Valza, a.s.,907023
171387,BlueNet, s.r.o.,234122
171388,BlueNet, s.r.o.,1442785
171389,BlueNet, s.r.o.,2227519
171390,BlueNet, s.r.o.,1410793
171394,ZCZ, s.r.o.,2483042
171395,Big žirafa s.r.o.,224757
171397,Big žirafa s.r.o.,1114860
171398,Valza, a.s.,1460584
171399,Valza, a.s.,1823969
171400,Martin Nový,1290506
171403,ZCZ, s.r.o.,2911250
171405,GreenStyles, a.s.,2592335
171408,Epic Internet a.s.,1313360
171409,Martin Nový,1217366
171410,Big žirafa s.r.o.,740499
171411,ZCZ, s.r.o.,2130142
171412,ZCZ, s.r.o.,40449
171414,GreenStyles, a.s.,2994713
171415,Big žirafa s.r.o.,1072741
171416,GreenStyles, a.s.,1715385
171419,ZCZ, s.r.o.,2199581
171420,Epic Internet a.s.,1538043
171423,BlueNet, s.r.o.,2200188
171425,Big žirafa s.r.o.,307079
171426,Big žirafa s.r.o.,909514
171427,ZCZ, s.r.o.,1556963
171428,Valza, a.s.,2144288
171429,Big žirafa s.r.o.,168794
171430,Valza, a.s.,2000775
171434,BlueNet, s.r.o.,1657529
171436,ZCZ, s.r.o.,2195615
171437,Epic Internet a.s.,53954
171438,Big žirafa s.r.o.,2379986
171439,GreenStyles, a.s.,321392
171440,GreenStyles, a.s.,545570
171441,Martin Nový,583360
171442,GreenStyles, a.s.,2289824
171443,Valza, a.s.,1419773
171444,ZCZ, s.r.o.,764056
171445,GreenStyles, a.s.,1277832
171446,ZCZ, s.r.o.,2744385
171447,GreenStyles, a.s.,2956244
171448,ZCZ, s.r.o.,-18827
171449,Valza, a.s.,1157669
171450,Big žirafa s.r.o.,1266080
171451,Epic Internet a.s.,2534525
171452,GreenStyles, a.s.,1543391
171454,GreenStyles, a.s.,1907751
171455,ZCZ, s.r.o.,93340
171456,GreenStyles, a.s.,378461
171457,Valza, a.s.,2784186
171458,GreenStyles, a.s.,748994
171459,Epic Internet a.s.,480713
171460,GreenStyles, a.s.,121524
171461,BlueNet, s.r.o.,426242
171462,ZCZ, s.r.o.,237934
171463,Martin Nový,2436284
171464,Big žirafa s.r.o.,2808474
171465,Big žirafa s.r.o.,2383235
171467,GreenStyles, a.s.,1850539
171469,Epic Internet a.s.,1090545
171470,Valza, a.s.,2959479
171471,BlueNet, s.r.o.,2734657
171473,Valza, a.s.,55261
171474,BlueNet, s.r.o.,603429
171476,Martin Nový,674783
171477,Valza, a.s.,623791
171478,Big žirafa s.r.o.,2439723
171480,Big žirafa s.r.o.,2779992
171482,ZCZ, s.r.o.,1014379
171483,Valza, a.s.,1127557
171484,GreenStyles, a.s.,1189549
171485,BlueNet, s.r.o.,1314075
171487,Epic Internet a.s.,1682208
171489,Epic Internet a.s.,2009241
171490,GreenStyles, a.s.,2548151
171491,Valza, a.s.,2905870
171492,ZCZ, s.r.o.,193713
171493,Martin Nový,407460
171494,ZCZ, s.r.o.,470889
171495,Epic Internet a.s.,88982
171496,Big žirafa s.r.o.,363178
171498,Big žirafa s.r.o.,900082
171500,GreenStyles, a.s.,2832717
171501,Valza, a.s.,1080598
171503,ZCZ, s.r.o.,2013435
171504,BlueNet, s.r.o.,1004800
171505,Big žirafa s.r.o.,219892
171506,BlueNet, s.r.o.,2168825
171508,ZCZ, s.r.o.,414363
171509,Big žirafa s.r.o.,2004865
171510,Epic Internet a.s.,191250
171511,Valza, a.s.,133396
171512,ZCZ, s.r.o.,1572677
171513,ZCZ, s.r.o.,1991454
171515,Valza, a.s.,2600536
171516,Valza, a.s.,2204761
171517,Valza, a.s.,1989677
171518,ZCZ, s.r.o.,1717782
171519,Big žirafa s.r.o.,1689611
171522,BlueNet, s.r.o.,2074896
171523,Valza, a.s.,982145
171524,GreenStyles, a.s.,1739945
171525,ZCZ, s.r.o.,1393987
171528,Valza, a.s.,1414172
171529,Epic Internet a.s.,2041846
171530,ZCZ, s.r.o.,1779750
171532,ZCZ, s.r.o.,2845334
171535,ZCZ, s.r.o.,1933568
171536,ZCZ, s.r.o.,1332680
171539,Martin Nový,2821157
171541,Valza, a.s.,1105612
171544,Martin Nový,704616
171545,Martin Nový,1714812
171546,GreenStyles, a.s.,503988
171547,Big žirafa s.r.o.,540395
171549,Martin Nový,2053453
171551,Martin Nový,2886864
171553,Epic Internet a.s.,319229
171554,Valza, a.s.,1546720
171555,BlueNet, s.r.o.,2659475
171557,ZCZ, s.r.o.,2562553
171558,GreenStyles, a.s.,1995639
171560,BlueNet, s.r.o.,1724279
171561,Big žirafa s.r.o.,711128
171562,Epic Internet a.s.,1034679
171564,GreenStyles, a.s.,106385
171565,Epic Internet a.s.,2239189
171566,Martin Nový,702599
171567,Epic Internet a.s.,2909132
171569,Epic Internet a.s.,628812
171571,Martin Nový,1108280
171572,BlueNet, s.r.o.,13292
171575,Big žirafa s.r.o.,2253063
171576,ZCZ, s.r.o.,1477110
171579,ZCZ, s.r.o.,2597857
171580,Martin Nový,2047821
171581,GreenStyles, a.s.,340815
171582,BlueNet, s.r.o.,2450205
171585,Epic Internet a.s.,355823
171586,BlueNet, s.r.o.,2903925
171587,Big žirafa s.r.o.,721082
171589,ZCZ, s.r.o.,80906
171590,Big žirafa s.r.o.,2054072
171592,Big žirafa s.r.o.,108101
171593,Epic Internet a.s.,947193
171594,BlueNet, s.r.o.,1838285
171595,Epic Internet a.s.,1656576
171596,GreenStyles, a.s.,1139921
171597,ZCZ, s.r.o.,2258879
171598,BlueNet, s.r.o.,1398578
171599,Martin Nový,1998825
171601,Big žirafa s.r.o.,1332399
171603,BlueNet, s.r.o.,1378152
171604,Big žirafa s.r.o.,2226717
171605,Epic Internet a.s.,303646
171606,ZCZ, s.r.o.,2673042
171607,ZCZ, s.r.o.,668284
171608,ZCZ, s.r.o.,1035790
171610,BlueNet, s.r.o.,2118693
171612,Big žirafa s.r.o.,2489592
171613,Martin Nový,2830895
171614,Martin Nový,1696990
171616,BlueNet, s.r.o.,2280724
171617,Epic Internet a.s.,1841666
171619,Big žirafa s.r.o.,2845340
171620,GreenStyles, a.s.,1774295
171621,Valza, a.s.,133320
171623,GreenStyles, a.s.,2859583
171625,GreenStyles, a.s.,1858085
171626,Valza, a.s.,908716
171627,Epic Internet a.s.,235049
171628,Martin Nový,2864842
171630,Martin Nový,1120033
171632,Big žirafa s.r.o.,2265758
171633,BlueNet, s.r.o.,1209833
171635,Big žirafa s.r.o.,311247
171636,Martin Nový,887026
171637,Valza, a.s.,1050554
171638,Martin Nový,1127626
171639,Valza, a.s.,2727625
171640,Big žirafa s.r.o.,1432508
171642,Big žirafa s.r.o.,2732752
171643,ZCZ, s.r.o.,816239
171644,Epic Internet a.s.,2682750
171645,BlueNet, s.r.o.,1482562
171646,BlueNet, s.r.o.,390231
171647,GreenStyles, a.s.,1111219
171649,Valza, a.s.,1143166
171650,Epic Internet a.s.,1535747
171651,ZCZ, s.r.o.,2597559
171656,Epic Internet a.s.,192842
171657,Big žirafa s.r.o.,1958392
171661,BlueNet, s.r.o.,965945
171663,Valza, a.s.,2263357
171665,BlueNet, s.r.o.,1577082
171666,Valza, a.s.,2171805
171667,Valza, a.s.,2372798
171668,ZCZ, s.r.o.,1791336
171670,GreenStyles, a.s.,2420587
171671,Martin Nový,1403454
171674,BlueNet, s.r.o.,2499770
171676,Big žirafa s.r.o.,189688
171677,Big žirafa s.r.o.,1675562
171678,ZCZ, s.r.o.,437718
171679,Epic Internet a.s.,1791652
171680,Martin Nový,993555
171681,BlueNet, s.r.o.,636441
171682,Epic Internet a.s.,417148
171683,Martin Nový,2169814
171684,Martin Nový,1447729
171685,ZCZ, s.r.o.,2436420
171686,Big žirafa s.r.o.,2571247
171690,Valza, a.s.,2615917
171691,BlueNet, s.r.o.,2238415
171693,Big žirafa s.r.o.,330656
171695,BlueNet, s.r.o.,1336988
171696,Epic Internet a.s.,383977
171700,Valza, a.s.,1676328
171703,Big žirafa s.r.o.,1569033
171704,Martin Nový,1570841
171706,Martin Nový,165086
171707,ZCZ, s.r.o.,2686420
171708,Epic Internet a.s.,2215904
171710,Epic Internet a.s.,817269
171711,Epic Internet a.s.,2927238
171712,Big žirafa s.r.o.,2860907
171713,Epic Internet a.s.,97029
171715,GreenStyles, a.s.,2076042
171716,ZCZ, s.r.o.,2063347
171717,Valza, a.s.,1359602
171719,ZCZ, s.r.o.,1013170
171720,BlueNet, s.r.o.,1534538
171721,GreenStyles, a.s.,569149
171727,Big žirafa s.r.o.,2086465
171728,ZCZ, s.r.o.,516297
171729,Martin Nový,1578500
171730,Big žirafa s.r.o.,2276926
171731,Epic Internet a.s.,244597
171732,BlueNet, s.r.o.,1505232
171733,Valza, a.s.,612527
171735,Martin Nový,1944702
171736,Epic Internet a.s.,798588
171737,Big žirafa s.r.o.,859399
171738,GreenStyles, a.s.,111768
171739,Epic Internet a.s.,1530905
171740,Big žirafa s.r.o.,2921345
171743,Martin Nový,2612482
171744,Big žirafa s.r.o.,2017334
171745,BlueNet, s.r.o.,1445053
171746,Epic Internet a.s.,2493571
171747,GreenStyles, a.s.,2046290
171748,GreenStyles, a.s.,1409103
171749,ZCZ, s.r.o.,1027730
171752,GreenStyles, a.s.,102364
171753,BlueNet, s.r.o.,2824346
171754,Valza, a.s.,2459709
171755,Martin Nový,1876140
171757,Valza, a.s.,985347
171758,Epic Internet a.s.,1869527
171759,ZCZ, s.r.o.,1531312
171760,BlueNet, s.r.o.,1085460
171762,Martin Nový,2145049
171763,Martin Nový,2552492
171766,Valza, a.s.,1867243
171767,Big žirafa s.r.o.,569420
171768,GreenStyles, a.s.,1890194
171769,Epic Internet a.s.,329057
171770,ZCZ, s.r.o.,396795
171771,Big žirafa s.r.o.,2598239
171772,GreenStyles, a.s.,912409
171774,BlueNet, s.r.o.,342871
171775,Valza, a.s.,2793032
171776,Valza, a.s.,2185117
171777,ZCZ, s.r.o.,1039839
171778,Valza, a.s.,234644
171780,Valza, a.s.,2627202
171781,Valza, a.s.,1390211
171782,Martin Nový,632979
171784,Epic Internet a.s.,2772936
171785,GreenStyles, a.s.,2497828
171786,BlueNet, s.r.o.,2586284
171787,GreenStyles, a.s.,943708
171788,ZCZ, s.r.o.,2153858
171789,ZCZ, s.r.o.,2547141
171792,ZCZ, s.r.o.,1352876
171793,Valza, a.s.,1871267
171794,Big žirafa s.r.o.,2767920
171795,BlueNet, s.r.o.,305430
171797,ZCZ, s.r.o.,1366243
171798,BlueNet, s.r.o.,60007
171801,GreenStyles, a.s.,162091
171802,Big žirafa s.r.o.,1275164
171804,ZCZ, s.r.o.,2377972
171805,GreenStyles, a.s.,1506426
171808,Valza, a.s.,90413
171809,GreenStyles, a.s.,-15155
171810,Big žirafa s.r.o.,1287
171811,Big žirafa s.r.o.,2798826
171812,Valza, a.s.,2242929
171814,GreenStyles, a.s.,381912
171815,Valza, a.s.,453946
171818,Big žirafa s.r.o.,2554244
171819,ZCZ, s.r.o.,1621005
171820,Epic Internet a.s.,-8329
171821,Big žirafa s.r.o.,1627395
171822,Martin Nový,1334580
171824,Martin Nový,1231236
171825,GreenStyles, a.s.,2819215
171828,ZCZ, s.r.o.,1431627
171829,Martin Nový,2305829
171830,Valza, a.s.,874162
171831,ZCZ, s.r.o.,2937115
171834,Valza, a.s.,575309
171835,Big žirafa s.r.o.,217546
171836,Epic Internet a.s.,2826358
171837,Valza, a.s.,968556
171838,Valza, a.s.,2814271
171840,Big žirafa s.r.o.,1915359
171841,Valza, a.s.,2289930
171844,ZCZ, s.r.o.,1879263
171846,BlueNet, s.r.o.,840238
171847,Valza, a.s.,497854
171848,Epic Internet a.s.,2050472
171849,GreenStyles, a.s.,1704618
171850,ZCZ, s.r.o.,721710
171851,BlueNet, s.r.o.,2921901
171852,Big žirafa s.r.o.,380794
171853,BlueNet, s.r.o.,2913431
171855,ZCZ, s.r.o.,1892205
171857,Martin Nový,45512
171858,BlueNet, s.r.o.,1912495
171859,Valza, a.s.,1277025
171860,Martin Nový,2745276
171861,BlueNet, s.r.o.,302351
171863,Big žirafa s.r.o.,380291
171864,Epic Internet a.s.,2264081
171865,Epic Internet a.s.,1802223
171866,ZCZ, s.r.o.,2489766
171867,Martin Nový,532215
171870,Big žirafa s.r.o.,2738252
171871,BlueNet, s.r.o.,1609534
171872,BlueNet, s.r.o.,2056966
171873,Valza, a.s.,159571
171875,Valza, a.s.,2742540
171876,GreenStyles, a.s.,976805
171877,Martin Nový,114835
171879,Big žirafa s.r.o.,2487144
171880,Epic Internet a.s.,2196338
171883,BlueNet, s.r.o.,943216
171884,GreenStyles, a.s.,1875674
171885,Epic Internet a.s.,2617235
171886,BlueNet, s.r.o.,1033974
171887,Big žirafa s.r.o.,2512467
171890,Big žirafa s.r.o.,1623186
171892,ZCZ, s.r.o.,2003813
171893,Martin Nový,938311
171894,GreenStyles, a.s.,2920368
171895,ZCZ, s.r.o.,11482
171896,GreenStyles, a.s.,1426080
171897,BlueNet, s.r.o.,8822
171900,GreenStyles, a.s.,2664061
171901,Valza, a.s.,476051
171904,GreenStyles, a.s.,2351775
171905,ZCZ, s.r.o.,591842
171906,Martin Nový,1233042
171908,ZCZ, s.r.o.,791389
171909,Martin Nový,2280990
171912,Epic Internet a.s.,1159488
171914,Big žirafa s.r.o.,1353121
171915,ZCZ, s.r.o.,2586627
171916,Valza, a.s.,1413882
171917,Big žirafa s.r.o.,1311836
171918,Valza, a.s.,1309514
171920,Big žirafa s.r.o.,1414132
171921,Big žirafa s.r.o.,2770092
171922,Big žirafa s.r.o.,963679
171925,ZCZ, s.r.o.,725060
171926,ZCZ, s.r.o.,2123194
171927,GreenStyles, a.s.,234616
171928,Valza, a.s.,1065749
171929,BlueNet, s.r.o.,756798
171930,Big žirafa s.r.o.,1555030
171931,GreenStyles, a.s.,1508981
171932,Valza, a.s.,727249
171934,GreenStyles, a.s.,1037377
171935,ZCZ, s.r.o.,174031
171936,Big žirafa s.r.o.,1036719
171937,BlueNet, s.r.o.,2404349
171939,Valza, a.s.,1385094
171940,ZCZ, s.r.o.,1920137
171941,Valza, a.s.,2118078
171942,Epic Internet a.s.,1271529
171943,Martin Nový,277316
171944,Epic Internet a.s.,1685016
171947,ZCZ, s.r.o.,503805
171950,BlueNet, s.r.o.,1183548
171951,Martin Nový,1047564
171952,GreenStyles, a.s.,1277985
171955,Big žirafa s.r.o.,245920
171956,Valza, a.s.,422052
171957,Epic Internet a.s.,865716
171958,Martin Nový,571877
171959,BlueNet, s.r.o.,1641867
171961,Big žirafa s.r.o.,1474068
171962,BlueNet, s.r.o.,529034
171963,Martin Nový,1781537
171965,Epic Internet a.s.,1634108
171966,Epic Internet a.s.,1467377
171967,Epic Internet a.s.,2665504
171968,Valza, a.s.,385274
171970,GreenStyles, a.s.,1827176
171971,Valza, a.s.,25587
171972,ZCZ, s.r.o.,221021
171975,Big žirafa s.r.o.,456725
171976,ZCZ, s.r.o.,2166448
171978,Epic Internet a.s.,2294299
171979,Martin Nový,1936317
171981,Epic Internet a.s.,1423068
171982,Martin Nový,2018817
171985,Big žirafa s.r.o.,2978564
171986,Valza, a.s.,2875837
171987,BlueNet, s.r.o.,2589680
171988,ZCZ, s.r.o.,519051
171990,BlueNet, s.r.o.,1719877
171991,BlueNet, s.r.o.,1199901
171993,GreenStyles, a.s.,261548
171994,BlueNet, s.r.o.,347383
171995,Epic Internet a.s.,2674125
171997,Valza, a.s.,2152232
171998,Epic Internet a.s.,431414
171999,Epic Internet a.s.,-660
172001,Martin Nový,457750
172004,BlueNet, s.r.o.,1185807
172006,Valza, a.s.,179335
172007,BlueNet, s.r.o.,2620547
172008,BlueNet, s.r.o.,910454
172010,BlueNet, s.r.o.,2763790
172011,GreenStyles, a.s.,1454852
172012,Big žirafa s.r.o.,294406
172014,Valza, a.s.,2895059
172016,Epic Internet a.s.,184724
172018,Valza, a.s.,514553
172019,GreenStyles, a.s.,644526
172021,ZCZ, s.r.o.,2140508
172022,Epic Internet a.s.,1593697
172024,ZCZ, s.r.o.,2706941
172025,ZCZ, s.r.o.,2437722
172026,Martin Nový,2436825
172027,Big žirafa s.r.o.,1136696
172028,Big žirafa s.r.o.,786299
172030,ZCZ, s.r.o.,2282412
172031,Epic Internet a.s.,2069772
172032,BlueNet, s.r.o.,2481975
172033,Epic Internet a.s.,2323439
172035,ZCZ, s.r.o.,1768546
172036,GreenStyles, a.s.,1088979
172038,Epic Internet a.s.,725671
172039,ZCZ, s.r.o.,1272221
172041,Epic Internet a.s.,1551898
172044,Valza, a.s.,1711535
172047,BlueNet, s.r.o.,897233
172048,Valza, a.s.,857457
172050,Epic Internet a.s.,1244008
172052,ZCZ, s.r.o.,855109
172053,ZCZ, s.r.o.,1114947
172054,GreenStyles, a.s.,2485230
172055,Big žirafa s.r.o.,-5014
172056,ZCZ, s.r.o.,2232802
172057,Big žirafa s.r.o.,2925343
172058,Valza, a.s.,2909832
172059,Valza, a.s.,1289036
172061,Big žirafa s.r.o.,2195042
172062,GreenStyles, a.s.,2892484
172063,Martin Nový,1601124
172064,Martin Nový,2256090
172065,Valza, a.s.,2293286
172066,GreenStyles, a.s.,2751285
172068,GreenStyles, a.s.,1332965
172070,BlueNet, s.r.o.,609692
172071,Big žirafa s.r.o.,1995142
172072,Valza, a.s.,2127491
172074,Martin Nový,385778
172075,GreenStyles, a.s.,2243254
172076,BlueNet, s.r.o.,966118
172078,Epic Internet a.s.,1956956
172079,Martin Nový,1771926
172081,Martin Nový,624271
172082,Big žirafa s.r.o.,1646895
172084,Big žirafa s.r.o.,1317652
172085,Martin Nový,623119
172086,Martin Nový,2040895
172087,GreenStyles, a.s.,2634027
172088,Big žirafa s.r.o.,850634
172089,Epic Internet a.s.,2496873
172094,Martin Nový,773230
172095,ZCZ, s.r.o.,8700
172096,BlueNet, s.r.o.,1754993
172097,BlueNet, s.r.o.,70580
172098,BlueNet, s.r.o.,1641733
172101,Big žirafa s.r.o.,992439
172102,Epic Internet a.s.,2818364
172103,Big žirafa s.r.o.,1205066
172107,GreenStyles, a.s.,825610
172108,Big žirafa s.r.o.,1826400
172109,GreenStyles, a.s.,2002322
172110,Martin Nový,444689
172111,ZCZ, s.r.o.,2788653
172112,ZCZ, s.r.o.,1349664
172113,Big žirafa s.r.o.,782228
172115,Valza, a.s.,2315723
172116,Epic Internet a.s.,1090627
172118,Valza, a.s.,2701472
172122,Epic Internet a.s.,1123328
172123,GreenStyles, a.s.,563776
172124,ZCZ, s.r.o.,854391
172125,ZCZ, s.r.o.,114007
172126,Big žirafa s.r.o.,2577970
172127,GreenStyles, a.s.,2799979
172128,BlueNet, s.r.o.,150206
172129,Valza, a.s.,2161934
172130,BlueNet, s.r.o.,2832617
172131,Martin Nový,1609347
172132,BlueNet, s.r.o.,2237978
172134,ZCZ, s.r.o.,223544
172135,Martin Nový,726991
172136,GreenStyles, a.s.,1660731
172137,Epic Internet a.s.,1359619
172139,Martin Nový,734125
172140,Valza, a.s.,2157670
172141,Valza, a.s.,278218
172142,Martin Nový,2968215
172143,GreenStyles, a.s.,565580
172146,Epic Internet a.s.,1042272
172148,Big žirafa s.r.o.,1583008
172149,BlueNet, s.r.o.,935359
172150,Valza, a.s.,486625
172153,BlueNet, s.r.o.,418342
172154,Valza, a.s.,827016
172156,BlueNet, s.r.o.,1707878
172158,GreenStyles, a.s.,2297309
172161,Valza, a.s.,1597737
172162,Epic Internet a.s.,643520
172163,Valza, a.s.,2952688
172164,Big žirafa s.r.o.,783630
172165,Epic Internet a.s.,2858233
172166,Martin Nový,1921681
172167,Martin Nový,2806306
172168,Epic Internet a.s.,2837955
172169,GreenStyles, a.s.,2005525
172170,Martin Nový,2266168
172171,GreenStyles, a.s.,1357329
172172,ZCZ, s.r.o.,1223979
172174,GreenStyles, a.s.,2846810
172175,Big žirafa s.r.o.,1515679
172176,Martin Nový,249550
172178,Valza, a.s.,1729671
172179,Big žirafa s.r.o.,2499951
172181,ZCZ, s.r.o.,1047937
172182,GreenStyles, a.s.,2408125
172184,Valza, a.s.,2729935
172185,Valza, a.s.,167279
172186,Big žirafa s.r.o.,1844051
172188,Martin Nový,614186
172189,BlueNet, s.r.o.,1921898
172192,BlueNet, s.r.o.,1068643
172194,Valza, a.s.,1339628
172195,BlueNet, s.r.o.,420042
172196,ZCZ, s.r.o.,1281444
172197,Big žirafa s.r.o.,326326
172199,Big žirafa s.r.o.,555319
172201,Martin Nový,1712266
172203,GreenStyles, a.s.,1427129
172204,GreenStyles, a.s.,-13234
172206,Big žirafa s.r.o.,2103894
172208,Valza, a.s.,1213740
172209,Epic Internet a.s.,578847
172210,BlueNet, s.r.o.,2037463
172213,ZCZ, s.r.o.,1377646
172214,GreenStyles, a.s.,1638406
172215,GreenStyles, a.s.,2140906
172216,Valza, a.s.,37367
172219,Martin Nový,1022649
172220,BlueNet, s.r.o.,1919669
172222,Epic Internet a.s.,1036388
172223,Big žirafa s.r.o.,2325252
172224,Big žirafa s.r.o.,1723369
172225,Valza, a.s.,341427
172226,Valza, a.s.,2193296
172227,BlueNet, s.r.o.,1300767
172228,BlueNet, s.r.o.,1287588
172229,BlueNet, s.r.o.,1962737
172230,GreenStyles, a.s.,235379
172232,ZCZ, s.r.o.,719534
172233,Epic Internet a.s.,742297
172234,BlueNet, s.r.o.,753354
172235,Martin Nový,1211473
172238,GreenStyles, a.s.,277017
172240,GreenStyles, a.s.,2450336
172241,Big žirafa s.r.o.,2420801
172242,ZCZ, s.r.o.,-18091
172243,GreenStyles, a.s.,1426642
172245,GreenStyles, a.s.,667945
172249,Valza, a.s.,1794712
172252,BlueNet, s.r.o.,2169610
172253,GreenStyles, a.s.,256168
172254,ZCZ, s.r.o.,1791487
172255,Valza, a.s.,613787
172256,BlueNet, s.r.o.,61657
172257,Martin Nový,932996
172258,GreenStyles, a.s.,1816830
172259,GreenStyles, a.s.,301203
172260,Big žirafa s.r.o.,781501
172261,Valza, a.s.,1112622
172262,Big žirafa s.r.o.,2143979
172263,BlueNet, s.r.o.,1265577
172265,GreenStyles, a.s.,1249777
172267,Martin Nový,699712
172269,Valza, a.s.,329293
172271,ZCZ, s.r.o.,10936
172274,Big žirafa s.r.o.,2402367
172275,Epic Internet a.s.,1386714
172276,BlueNet, s.r.o.,1911304
172278,BlueNet, s.r.o.,2861993
172279,Martin Nový,888578
172281,Martin Nový,1552256
172282,Valza, a.s.,1221099
172283,Valza, a.s.,136958
172284,Valza, a.s.,1150912
172287,ZCZ, s.r.o.,18900
172288,Big žirafa s.r.o.,381921
172292,GreenStyles, a.s.,943350
172293,Epic Internet a.s.,1500065
172294,BlueNet, s.r.o.,1537703
172295,ZCZ, s.r.o.,1674397
172296,Big žirafa s.r.o.,1252176
172297,Valza, a.s.,2118866
172298,Big žirafa s.r.o.,2621610
172299,BlueNet, s.r.o.,461946
172300,Big žirafa s.r.o.,2630511
172301,ZCZ, s.r.o.,1689406
172302,BlueNet, s.r.o.,2532035
172304,ZCZ, s.r.o.,68451
172306,Valza, a.s.,1729530
172307,BlueNet, s.r.o.,663169
172308,Martin Nový,1282384
172309,BlueNet, s.r.o.,747598
172311,Martin Nový,1280579
172312,Valza, a.s.,1888556
172313,Epic Internet a.s.,1381781
172314,Epic Internet a.s.,412758
172315,ZCZ, s.r.o.,2205427
172317,ZCZ, s.r.o.,1315105
172318,BlueNet, s.r.o.,2629716
172319,GreenStyles, a.s.,1266632
172320,BlueNet, s.r.o.,2745664
172322,Epic Internet a.s.,659480
172323,Big žirafa s.r.o.,1173502
172325,GreenStyles, a.s.,171401
172326,Martin Nový,1063991
172327,GreenStyles, a.s.,1824858
172328,Big žirafa s.r.o.,597355
172329,Martin Nový,2277785
172330,BlueNet, s.r.o.,2841475
172332,GreenStyles, a.s.,1864170
172334,Epic Internet a.s.,703772
172335,Martin Nový,1665656
172337,Valza, a.s.,95492
172339,Big žirafa s.r.o.,2945368
172341,Epic Internet a.s.,1799925
172342,Martin Nový,292789
172344,Valza, a.s.,1349211
172345,Big žirafa s.r.o.,1068828
172346,Epic Internet a.s.,1114205
172347,BlueNet, s.r.o.,760828
172348,BlueNet, s.r.o.,2303804
172350,BlueNet, s.r.o.,1242677
172351,ZCZ, s.r.o.,155667
172352,Martin Nový,776821
172353,Big žirafa s.r.o.,612221
172354,BlueNet, s.r.o.,452884
172355,ZCZ, s.r.o.,1202203
172356,BlueNet, s.r.o.,1012879
172357,GreenStyles, a.s.,2017471
172358,BlueNet, s.r.o.,303420
172359,Big žirafa s.r.o.,1928140
172360,GreenStyles, a.s.,2304489
172361,Big žirafa s.r.o.,422036
172362,ZCZ, s.r.o.,2278626
172363,Epic Internet a.s.,757030
172364,GreenStyles, a.s.,1104641
172365,GreenStyles, a.s.,12833
172367,Big žirafa s.r.o.,1169920
172368,GreenStyles, a.s.,2274052
172371,Valza, a.s.,2563563
172372,BlueNet, s.r.o.,2033974
172373,GreenStyles, a.s.,2499552
172375,Martin Nový,25736
172376,Epic Internet a.s.,1159218
172377,BlueNet, s.r.o.,1342949
172378,Big žirafa s.r.o.,1651981
172380,Martin Nový,1239422
172382,Valza, a.s.,927977
172383,Big žirafa s.r.o.,1290261
172385,Epic Internet a.s.,2302331
172386,BlueNet, s.r.o.,1161832
172387,GreenStyles, a.s.,2271079
172390,Big žirafa s.r.o.,2036510
172391,GreenStyles, a.s.,1873789
172394,BlueNet, s.r.o.,133226
172395,GreenStyles, a.s.,854907
172396,Epic Internet a.s.,2992639
172397,ZCZ, s.r.o.,787835
172398,Big žirafa s.r.o.,1759307
172399,BlueNet, s.r.o.,137481
172401,ZCZ, s.r.o.,1817598
172402,GreenStyles, a.s.,2002634
172404,GreenStyles, a.s.,2943632
172406,Epic Internet a.s.,2806347
172407,Big žirafa s.r.o.,840773
172408,GreenStyles, a.s.,2585489
172409,ZCZ, s.r.o.,2595571
172410,ZCZ, s.r.o.,617633
172411,ZCZ, s.r.o.,1216171
172413,Big žirafa s.r.o.,483240
172414,GreenStyles, a.s.,1019387
172419,BlueNet, s.r.o.,565607
172420,GreenStyles, a.s.,1142196
172421,Epic Internet a.s.,40590
172422,Epic Internet a.s.,989742
172423,Martin Nový,404234
172425,ZCZ, s.r.o.,1069564
172427,Big žirafa s.r.o.,2213190
172428,ZCZ, s.r.o.,2742718
172429,Martin Nový,1506899
172433,Epic Internet a.s.,892604
172434,GreenStyles, a.s.,959365
172437,GreenStyles, a.s.,553106
172438,Big žirafa s.r.o.,46560
172439,Big žirafa s.r.o.,406895
172440,GreenStyles, a.s.,1748697
172443,BlueNet, s.r.o.,2151211
172444,ZCZ, s.r.o.,2400574
172445,BlueNet, s.r.o.,2244002
172448,Martin Nový,416498
172450,ZCZ, s.r.o.,2263018
172452,ZCZ, s.r.o.,924294
172453,GreenStyles, a.s.,1394978
172455,Epic Internet a.s.,821296
172456,Epic Internet a.s.,2866968
172457,Epic Internet a.s.,2165746
172458,BlueNet, s.r.o.,2833214
172459,Epic Internet a.s.,2768956
172460,Big žirafa s.r.o.,2615325
172465,ZCZ, s.r.o.,594209
172467,Epic Internet a.s.,615020
172468,Epic Internet a.s.,1689326
172469,ZCZ, s.r.o.,27922
172471,Epic Internet a.s.,2056966
172472,ZCZ, s.r.o.,2773164
172473,ZCZ, s.r.o.,1704056
172475,Martin Nový,2432314
172476,Valza, a.s.,2410097
172477,BlueNet, s.r.o.,2377016
172478,Epic Internet a.s.,1733191
172479,BlueNet, s.r.o.,1702785
172480,ZCZ, s.r.o.,1552078
172481,ZCZ, s.r.o.,673289
172483,ZCZ, s.r.o.,1271158
172484,Epic Internet a.s.,2756777
172488,Valza, a.s.,628197
172490,ZCZ, s.r.o.,419844
172491,Epic Internet a.s.,1750527
172492,Epic Internet a.s.,2269651
172494,Big žirafa s.r.o.,1136404
172495,GreenStyles, a.s.,2058653
172497,BlueNet, s.r.o.,33696
172498,Valza, a.s.,2292389
172499,Martin Nový,2995108
172500,BlueNet, s.r.o.,2062357
172502,ZCZ, s.r.o.,2489859
172503,Epic Internet a.s.,355772
172504,BlueNet, s.r.o.,1567883
172505,Valza, a.s.,2223690
172506,GreenStyles, a.s.,858190
172507,Big žirafa s.r.o.,1704509
172509,GreenStyles, a.s.,1589230
172511,Epic Internet a.s.,2412884
172512,Valza, a.s.,848173
172513,Epic Internet a.s.,481770
172514,Valza, a.s.,780040
172515,ZCZ, s.r.o.,1598393
172516,Martin Nový,1503197
172517,Epic Internet a.s.,2361769
172518,Valza, a.s.,2950669
172519,ZCZ, s.r.o.,1994613
172522,ZCZ, s.r.o.,1167340
172523,BlueNet, s.r.o.,1219652
172524,ZCZ, s.r.o.,700273
172526,GreenStyles, a.s.,787839
172527,Epic Internet a.s.,672759
172528,Martin Nový,275283
172529,GreenStyles, a.s.,1536637
172530,GreenStyles, a.s.,2114330
172531,Big žirafa s.r.o.,1114437
172532,Valza, a.s.,2384373
172535,ZCZ, s.r.o.,2245638
172539,Martin Nový,1663962
172541,Epic Internet a.s.,1095966
172542,GreenStyles, a.s.,2668151
172543,ZCZ, s.r.o.,1300230
172544,Epic Internet a.s.,1737093
172546,Epic Internet a.s.,1225020
172548,GreenStyles, a.s.,2275484
172549,Martin Nový,1026368
172550,Big žirafa s.r.o.,2277129
172552,BlueNet, s.r.o.,2549200
172554,GreenStyles, a.s.,1805665
172555,Epic Internet a.s.,1886124
172556,ZCZ, s.r.o.,2525968
172558,Big žirafa s.r.o.,1769291
172560,Big žirafa s.r.o.,263714
172561,Valza, a.s.,999811
172563,GreenStyles, a.s.,298149
172564,GreenStyles, a.s.,906009
172566,ZCZ, s.r.o.,1339465
172567,GreenStyles, a.s.,2463576
172568,Valza, a.s.,2631171
172569,GreenStyles, a.s.,2318383
172570,GreenStyles, a.s.,623303
172572,ZCZ, s.r.o.,1940052
172574,Epic Internet a.s.,2161024
172576,Martin Nový,1964313
172577,ZCZ, s.r.o.,586400
172580,Epic Internet a.s.,1160419
172582,GreenStyles, a.s.,761802
172583,BlueNet, s.r.o.,2168490
172586,Martin Nový,1923824
172587,Valza, a.s.,321930
172589,GreenStyles, a.s.,393670
172590,Big žirafa s.r.o.,10768
172594,ZCZ, s.r.o.,1875512
172595,Big žirafa s.r.o.,2545879
172597,Valza, a.s.,258536
172598,Big žirafa s.r.o.,1693652
172599,Martin Nový,848358
172600,BlueNet, s.r.o.,1040297
172601,BlueNet, s.r.o.,2288781
172602,Epic Internet a.s.,107967
172604,Valza, a.s.,1760657
172605,Big žirafa s.r.o.,2582773
172607,Martin Nový,2341628
172608,GreenStyles, a.s.,288890
172610,Big žirafa s.r.o.,1770475
172611,BlueNet, s.r.o.,954363
172616,Valza, a.s.,1357977
172617,BlueNet, s.r.o.,2325370
172618,Big žirafa s.r.o.,2732972
172619,ZCZ, s.r.o.,2179815
172622,Big žirafa s.r.o.,2007532
172623,Epic Internet a.s.,908658
172624,Martin Nový,1430144
172626,Epic Internet a.s.,2432025
172627,BlueNet, s.r.o.,1743621
172628,Big žirafa s.r.o.,2131616
172629,GreenStyles, a.s.,2629
172630,Valza, a.s.,2440486
172631,Big žirafa s.r.o.,1993022
172632,GreenStyles, a.s.,2230444
172634,Valza, a.s.,2704068
172635,Valza, a.s.,-15002
172636,Valza, a.s.,1378823
172637,Valza, a.s.,2218996
172638,ZCZ, s.r.o.,2752472
172639,BlueNet, s.r.o.,1155222
172640,Martin Nový,551637
172642,GreenStyles, a.s.,1083068
172644,Valza, a.s.,422833
172645,GreenStyles, a.s.,248719
172646,ZCZ, s.r.o.,2183475
172648,Martin Nový,1088057
172649,Valza, a.s.,1414088
172650,Valza, a.s.,848991
172651,GreenStyles, a.s.,2807743
172652,Epic Internet a.s.,1267287
172653,BlueNet, s.r.o.,2965301
172654,ZCZ, s.r.o.,1945911
172655,BlueNet, s.r.o.,1951211
172656,ZCZ, s.r.o.,2436250
172657,Epic Internet a.s.,1117193
172659,Epic Internet a.s.,2743334
172660,Valza, a.s.,805849
172661,Epic Internet a.s.,1335558
172662,BlueNet, s.r.o.,8985
172663,GreenStyles, a.s.,793300
172664,BlueNet, s.r.o.,1663686
172666,BlueNet, s.r.o.,458911
172667,Valza, a.s.,1823375
172670,ZCZ, s.r.o.,151912
172671,Epic Internet a.s.,824830
172673,Epic Internet a.s.,420309
172674,ZCZ, s.r.o.,1867819
172675,Epic Internet a.s.,1878952
172676,GreenStyles, a.s.,2114773
172678,ZCZ, s.r.o.,654558
172679,Epic Internet a.s.,2770620
172680,Valza, a.s.,2044780
172681,Valza, a.s.,87127
172683,ZCZ, s.r.o.,2133551
172684,Epic Internet a.s.,2886787
172686,ZCZ, s.r.o.,2361229
172690,GreenStyles, a.s.,1040325
172692,Big žirafa s.r.o.,1131806
172694,Big žirafa s.r.o.,51856
172695,Big žirafa s.r.o.,1250151
172697,Martin Nový,881588
172698,Big žirafa s.r.o.,1496996
172699,ZCZ, s.r.o.,1686026
172702,Epic Internet a.s.,2354240
172704,Valza, a.s.,1566226
172706,ZCZ, s.r.o.,318282
172708,Epic Internet a.s.,112664
172709,Epic Internet a.s.,441663
172710,Valza, a.s.,4563
172711,Martin Nový,2563438
172712,Epic Internet a.s.,1572516
172713,ZCZ, s.r.o.,1463651
172714,Big žirafa s.r.o.,230498
172715,Martin Nový,2514200
172716,Valza, a.s.,1790349
172718,BlueNet, s.r.o.,2488354
172721,Valza, a.s.,121652
172723,Epic Internet a.s.,2661650
172724,Epic Internet a.s.,2546392
172725,GreenStyles, a.s.,227859
172726,BlueNet, s.r.o.,1492286
172728,ZCZ, s.r.o.,2697398
172732,Big žirafa s.r.o.,997619
172734,BlueNet, s.r.o.,819763
172737,Martin Nový,1419241
172740,BlueNet, s.r.o.,472424
172741,ZCZ, s.r.o.,2848058
172743,BlueNet, s.r.o.,1907358
172744,GreenStyles, a.s.,2004752
172745,Big žirafa s.r.o.,1495765
172746,Big žirafa s.r.o.,1099061
172747,Martin Nový,434504
172748,ZCZ, s.r.o.,2572480
172749,BlueNet, s.r.o.,1056833
172750,Epic Internet a.s.,40346
172751,GreenStyles, a.s.,161047
172752,BlueNet, s.r.o.,2896925
172755,Big žirafa s.r.o.,1840106
172756,Epic Internet a.s.,768138
172757,ZCZ, s.r.o.,424093
172758,Big žirafa s.r.o.,2514639
172761,Epic Internet a.s.,2676899
172762,Martin Nový,558603
172763,Martin Nový,713305
172764,BlueNet, s.r.o.,1631131
172765,Epic Internet a.s.,1477258
172766,ZCZ, s.r.o.,2906627
172767,ZCZ, s.r.o.,2835673
172768,BlueNet, s.r.o.,1852279
172769,BlueNet, s.r.o.,2696420
172770,Big žirafa s.r.o.,945094
172771,GreenStyles, a.s.,307386
172773,Big žirafa s.r.o.,1456543
172774,BlueNet, s.r.o.,150032
172775,GreenStyles, a.s.,1057849
172776,BlueNet, s.r.o.,1126615
172777,Big žirafa s.r.o.,17454
172778,ZCZ, s.r.o.,1699463
172779,Big žirafa s.r.o.,272957
172781,BlueNet, s.r.o.,742245
172782,Big žirafa s.r.o.,1940124
172783,Valza, a.s.,1407475
172785,Big žirafa s.r.o.,753646
172786,BlueNet, s.r.o.,779575
172787,GreenStyles, a.s.,506934
172788,Big žirafa s.r.o.,1422015
172789,Valza, a.s.,2773523
172790,Valza, a.s.,1241216
172791,GreenStyles, a.s.,271169
172792,BlueNet, s.r.o.,410697
172793,Big žirafa s.r.o.,1153582
172794,Martin Nový,2220644
172795,Epic Internet a.s.,72513
172796,ZCZ, s.r.o.,2322060
172797,BlueNet, s.r.o.,1638234
172798,ZCZ, s.r.o.,1660522
172799,BlueNet, s.r.o.,1838368
172801,ZCZ, s.r.o.,1317610
172803,ZCZ, s.r.o.,1371025
172804,Epic Internet a.s.,465063
172805,Epic Internet a.s.,837000
172806,Martin Nový,639799
172807,Epic Internet a.s.,1915520
172808,GreenStyles, a.s.,2281062
172809,Epic Internet a.s.,2754518
172810,Martin Nový,2863132
172811,Martin Nový,451954
172812,ZCZ, s.r.o.,2300001
172815,BlueNet, s.r.o.,603241
172816,GreenStyles, a.s.,317958
172817,Epic Internet a.s.,571282
172818,Martin Nový,2424719
172819,Martin Nový,2068024
172823,Valza, a.s.,1260618
172824,BlueNet, s.r.o.,1217249
172825,Valza, a.s.,2243411
172827,Epic Internet a.s.,2409762
172828,BlueNet, s.r.o.,1699945
172829,Martin Nový,72769
172830,Big žirafa s.r.o.,124168
172831,GreenStyles, a.s.,1703400
172832,GreenStyles, a.s.,2800832
172833,ZCZ, s.r.o.,2070197
172834,Valza, a.s.,2787576
172835,BlueNet, s.r.o.,722243
172837,Valza, a.s.,253645
172838,Big žirafa s.r.o.,2456924
172839,ZCZ, s.r.o.,606731
172840,Epic Internet a.s.,447066
172841,ZCZ, s.r.o.,1205022
172844,GreenStyles, a.s.,1845067
172845,Epic Internet a.s.,534610
172846,GreenStyles, a.s.,2595180
172847,GreenStyles, a.s.,1557071
172848,Big žirafa s.r.o.,1403631
172849,Martin Nový,2059528
172850,Big žirafa s.r.o.,2490754
172851,BlueNet, s.r.o.,2203527
172853,Valza, a.s.,541720
172854,Big žirafa s.r.o.,2537772
172855,Valza, a.s.,766261
172856,Epic Internet a.s.,2007111
172857,ZCZ, s.r.o.,1202616
172858,Big žirafa s.r.o.,1799209
172859,Martin Nový,218435
172860,Martin Nový,1517692
172861,GreenStyles, a.s.,1370036
172862,Martin Nový,2636655
172864,ZCZ, s.r.o.,2435866
172865,BlueNet, s.r.o.,1539160
172866,GreenStyles, a.s.,2392424
172869,Martin Nový,185260
172870,Big žirafa s.r.o.,1178870
172871,ZCZ, s.r.o.,937463
172872,GreenStyles, a.s.,382818
172873,Epic Internet a.s.,1351536
172874,Epic Internet a.s.,2740109
172875,ZCZ, s.r.o.,1710412
172878,Big žirafa s.r.o.,169560
172879,Valza, a.s.,2959444
172880,Valza, a.s.,1465162
172881,Valza, a.s.,661739
172882,BlueNet, s.r.o.,285407
172883,Big žirafa s.r.o.,2738274
172885,BlueNet, s.r.o.,508210
172886,BlueNet, s.r.o.,2915169
172887,GreenStyles, a.s.,167046
172891,Big žirafa s.r.o.,1404573
172892,Martin Nový,1948834
172896,Epic Internet a.s.,722774
172897,ZCZ, s.r.o.,17946
172898,Big žirafa s.r.o.,1361970
172900,Martin Nový,2834080
172901,Martin Nový,1503191
172902,GreenStyles, a.s.,2433958
172903,ZCZ, s.r.o.,2463552
172904,BlueNet, s.r.o.,2031606
172905,Valza, a.s.,2376458
172906,Martin Nový,1439387
172908,ZCZ, s.r.o.,341621
172911,GreenStyles, a.s.,746200
172912,Big žirafa s.r.o.,2206052
172913,Martin Nový,2789819
172914,Martin Nový,1620593
172916,Epic Internet a.s.,1672224
172918,GreenStyles, a.s.,2642287
172919,Epic Internet a.s.,990228
172921,ZCZ, s.r.o.,2976842
172922,ZCZ, s.r.o.,2715799
172923,Epic Internet a.s.,471549
172924,Martin Nový,1583618
172925,Martin Nový,2978234
172928,Big žirafa s.r.o.,1756201
172929,ZCZ, s.r.o.,583488
172930,Epic Internet a.s.,2281811
172933,BlueNet, s.r.o.,2611816
172934,BlueNet, s.r.o.,2183427
172935,GreenStyles, a.s.,162144
172936,Epic Internet a.s.,2801784
172937,Big žirafa s.r.o.,294333
172938,BlueNet, s.r.o.,214551
172941,Martin Nový,1463949
172942,BlueNet, s.r.o.,450104
172943,GreenStyles, a.s.,877759
172944,Valza, a.s.,71819
172945,Martin Nový,137008
172947,BlueNet, s.r.o.,1556840
172948,ZCZ, s.r.o.,1243955
172949,Martin Nový,1361190
172950,Valza, a.s.,1931631
172952,Valza, a.s.,2166594
172955,Valza, a.s.,2063379
172956,Epic Internet a.s.,2636342
172957,Big žirafa s.r.o.,330448
172959,Big žirafa s.r.o.,1522437
172960,Valza, a.s.,2657900
172962,Martin Nový,556919
172963,Martin Nový,2666548
172964,Epic Internet a.s.,337187
172965,Epic Internet a.s.,2247447
172966,BlueNet, s.r.o.,2635784
172967,GreenStyles, a.s.,531898
172968,ZCZ, s.r.o.,1273569
172970,BlueNet, s.r.o.,1034111
172971,GreenStyles, a.s.,2929556
172973,Epic Internet a.s.,203500
172974,Epic Internet a.s.,914066
172975,Martin Nový,518225
172978,ZCZ, s.r.o.,109174
172979,Martin Nový,432165
172981,Epic Internet a.s.,1631549
172983,Valza, a.s.,37097
172984,Martin Nový,14878
172985,Epic Internet a.s.,798958
172986,ZCZ, s.r.o.,287231
172988,GreenStyles, a.s.,417858
172989,BlueNet, s.r.o.,1655369
172990,BlueNet, s.r.o.,1801599
172993,Big žirafa s.r.o.,499531
172995,GreenStyles, a.s.,685386
172997,GreenStyles, a.s.,818934
172998,ZCZ, s.r.o.,2109979
172999,Epic Internet a.s.,2526470
173000,ZCZ, s.r.o.,1169504
173002,ZCZ, s.r.o.,37894
173005,ZCZ, s.r.o.,2969791
173006,ZCZ, s.r.o.,2586163
173008,GreenStyles, a.s.,672321
173009,Big žirafa s.r.o.,2484711
173011,Martin Nový,1321530
173012,BlueNet, s.r.o.,1715873
173013,Big žirafa s.r.o.,1738616
173014,Valza, a.s.,1838998
173016,GreenStyles, a.s.,2288107
173017,ZCZ, s.r.o.,318736
173018,Martin Nový,1001379
173019,Martin Nový,114882
173022,ZCZ, s.r.o.,2827007
173025,Epic Internet a.s.,2808883
173027,Epic Internet a.s.,120637
173028,Martin Nový,2938596
173030,BlueNet, s.r.o.,1008499
173031,Martin Nový,956072
173033,Big žirafa s.r.o.,1369059
173034,Martin Nový,1548748
173037,Valza, a.s.,1626366
173038,GreenStyles, a.s.,2937100
173039,Martin Nový,968802
173040,GreenStyles, a.s.,495238
173042,BlueNet, s.r.o.,881090
173044,GreenStyles, a.s.,1179687
173046,BlueNet, s.r.o.,2979426
173047,Epic Internet a.s.,1082474
173048,Big žirafa s.r.o.,1376437
173049,BlueNet, s.r.o.,2862444
173050,BlueNet, s.r.o.,1254004
173053,GreenStyles, a.s.,1583144
173054,GreenStyles, a.s.,2652882
173055,BlueNet, s.r.o.,776207
173056,Martin Nový,1977054
173057,ZCZ, s.r.o.,2376290
173058,BlueNet, s.r.o.,2591863
173059,BlueNet, s.r.o.,483583
173063,BlueNet, s.r.o.,40474
173065,ZCZ, s.r.o.,543032
173066,Epic Internet a.s.,2443907
173067,GreenStyles, a.s.,1535456
173069,GreenStyles, a.s.,1233002
173071,Big žirafa s.r.o.,2012740
173072,BlueNet, s.r.o.,2868283
173073,Epic Internet a.s.,2503320
173074,GreenStyles, a.s.,124755
173075,Valza, a.s.,744681
173078,GreenStyles, a.s.,356775
173079,GreenStyles, a.s.,938463
173080,Big žirafa s.r.o.,1713986
173081,Martin Nový,497352
173082,Epic Internet a.s.,2663941
173083,ZCZ, s.r.o.,2631491
173084,BlueNet, s.r.o.,2693128
173086,GreenStyles, a.s.,2569704
173087,BlueNet, s.r.o.,2884695
173088,Epic Internet a.s.,2755024
173089,ZCZ, s.r.o.,300182
173090,Big žirafa s.r.o.,774031
173094,ZCZ, s.r.o.,2432842
173095,ZCZ, s.r.o.,2415840
173096,ZCZ, s.r.o.,115516
173097,Martin Nový,787653
173099,Big žirafa s.r.o.,1110845
173100,Epic Internet a.s.,294134
173102,BlueNet, s.r.o.,2500308
173103,Epic Internet a.s.,2783133
173104,BlueNet, s.r.o.,195311
173105,Big žirafa s.r.o.,2970815
173106,Valza, a.s.,2854254
173108,Big žirafa s.r.o.,2533122
173109,BlueNet, s.r.o.,57974
173110,Epic Internet a.s.,303683
173111,Big žirafa s.r.o.,1181650
173112,Martin Nový,784227
173115,Valza, a.s.,503033
173116,Valza, a.s.,357932
173117,Valza, a.s.,2512372
173118,Martin Nový,293906
173119,Big žirafa s.r.o.,1665504
173121,Big žirafa s.r.o.,2388254
173122,Epic Internet a.s.,1313081
173123,Valza, a.s.,1709776
173124,Big žirafa s.r.o.,943899
173126,Martin Nový,2455991
173127,Big žirafa s.r.o.,194792
173128,Valza, a.s.,2617386
173129,BlueNet, s.r.o.,1579025
173130,GreenStyles, a.s.,1022212
173131,Martin Nový,1549806
173132,Big žirafa s.r.o.,2913232
173133,Big žirafa s.r.o.,1283874
173134,Valza, a.s.,2112
173135,Valza, a.s.,116840
173136,Martin Nový,1762287
173137,GreenStyles, a.s.,2165701
173139,Epic Internet a.s.,-11002
173140,Valza, a.s.,2112024
173142,GreenStyles, a.s.,409034
173145,Valza, a.s.,2503215
173146,Martin Nový,2797265
173147,Valza, a.s.,810461
173148,GreenStyles, a.s.,433461
173152,Valza, a.s.,2787590
173154,Big žirafa s.r.o.,1693942
173155,Big žirafa s.r.o.,1867666
173157,ZCZ, s.r.o.,2949270
173158,Martin Nový,1827333
173159,GreenStyles, a.s.,933878
173161,Epic Internet a.s.,361479
173162,ZCZ, s.r.o.,801821
173163,BlueNet, s.r.o.,2113038
173165,Epic Internet a.s.,1586347
173168,Epic Internet a.s.,998135
173169,ZCZ, s.r.o.,2972031
173170,Martin Nový,682359
173171,Martin Nový,673826
173172,Big žirafa s.r.o.,2187690
173173,Epic Internet a.s.,2159669
173176,Martin Nový,1799749
173177,Epic Internet a.s.,233955
173180,Epic Internet a.s.,1649926
173181,Big žirafa s.r.o.,1006532
173182,ZCZ, s.r.o.,614134
173185,Big žirafa s.r.o.,2244011
173186,Big žirafa s.r.o.,2074673
173187,Martin Nový,1860937
173189,Valza, a.s.,2802552
173190,BlueNet, s.r.o.,151859
173191,GreenStyles, a.s.,316984
173192,Martin Nový,775347
173193,Valza, a.s.,301080
173194,BlueNet, s.r.o.,484352
173196,Epic Internet a.s.,1331366
173197,Valza, a.s.,56509
173198,Big žirafa s.r.o.,1921404
173199,Martin Nový,1704484
173200,ZCZ, s.r.o.,1159594
173201,ZCZ, s.r.o.,1489923
173203,Big žirafa s.r.o.,1130977
173204,ZCZ, s.r.o.,1827653
173205,ZCZ, s.r.o.,1898323
173207,BlueNet, s.r.o.,2370462
173208,ZCZ, s.r.o.,1428698
173209,BlueNet, s.r.o.,1307919
173211,Big žirafa s.r.o.,1954660
173212,Epic Internet a.s.,1129673
173213,ZCZ, s.r.o.,2703717
173214,GreenStyles, a.s.,2459301
173215,Martin Nový,653956
173217,Valza, a.s.,2736188
173219,GreenStyles, a.s.,41084
173220,BlueNet, s.r.o.,1432656
173222,Epic Internet a.s.,1765317
173223,Big žirafa s.r.o.,1888797
173225,Epic Internet a.s.,2717691
173226,GreenStyles, a.s.,909116
173227,Martin Nový,1848155
173228,Martin Nový,2330332
173229,Valza, a.s.,681017
173230,Valza, a.s.,1821677
173231,Valza, a.s.,2339860
173232,Big žirafa s.r.o.,1634436
173233,ZCZ, s.r.o.,1434023
173234,ZCZ, s.r.o.,2220866
173235,GreenStyles, a.s.,1576546
173236,Martin Nový,1561449
173238,GreenStyles, a.s.,1731856
173240,Valza, a.s.,2620782
173242,Martin Nový,1369225
173244,BlueNet, s.r.o.,1204081
173245,BlueNet, s.r.o.,1082358
173246,Martin Nový,2938837
173247,ZCZ, s.r.o.,1029587
173248,Valza, a.s.,1053236
173249,Epic Internet a.s.,164420
173251,Martin Nový,1613463
173253,Big žirafa s.r.o.,2160574
173254,Epic Internet a.s.,1224166
173255,GreenStyles, a.s.,1809548
173257,Big žirafa s.r.o.,2630969
173259,BlueNet, s.r.o.,1036790
173260,GreenStyles, a.s.,1378360
173262,Epic Internet a.s.,202029
173263,Valza, a.s.,1183665
173264,ZCZ, s.r.o.,736595
173265,Big žirafa s.r.o.,2555742
173266,GreenStyles, a.s.,857439
173268,ZCZ, s.r.o.,1245064
173269,Big žirafa s.r.o.,288738
173271,Epic Internet a.s.,1278478
173272,GreenStyles, a.s.,2585170
173273,BlueNet, s.r.o.,2782812
173274,ZCZ, s.r.o.,2083011
173275,Big žirafa s.r.o.,88653
173278,GreenStyles, a.s.,689531
173279,Epic Internet a.s.,2041677
173280,Big žirafa s.r.o.,2957393
173281,Valza, a.s.,1673043
173283,Epic Internet a.s.,976189
173287,ZCZ, s.r.o.,1145536
173291,Epic Internet a.s.,1975988
173292,Epic Internet a.s.,1388857
173295,Big žirafa s.r.o.,2781206
173297,Big žirafa s.r.o.,1957347
173298,Big žirafa s.r.o.,1537329
173299,ZCZ, s.r.o.,88802
173301,BlueNet, s.r.o.,1499605
173302,Epic Internet a.s.,2022781
173304,Martin Nový,1379689
173305,ZCZ, s.r.o.,2196386
173306,Martin Nový,2702903
173308,BlueNet, s.r.o.,117077
173309,Epic Internet a.s.,399039
173312,ZCZ, s.r.o.,2855724
173313,ZCZ, s.r.o.,1869865
173315,GreenStyles, a.s.,1721306
173319,ZCZ, s.r.o.,821385
173320,Epic Internet a.s.,1799109
173321,ZCZ, s.r.o.,942760
173322,Valza, a.s.,2912032
173323,GreenStyles, a.s.,1158927
173324,Big žirafa s.r.o.,1975465
173326,Martin Nový,1802154
173329,ZCZ, s.r.o.,2900176
173330,Valza, a.s.,1618767
173331,BlueNet, s.r.o.,564370
173332,Martin Nový,1709056
173333,GreenStyles, a.s.,949007
173335,Big žirafa s.r.o.,2311671
173336,ZCZ, s.r.o.,933351
173337,BlueNet, s.r.o.,2933918
173339,Valza, a.s.,1876859
173341,Epic Internet a.s.,2841946
173342,Valza, a.s.,695863
173344,Martin Nový,2762192
173345,BlueNet, s.r.o.,893925
173347,Martin Nový,7573
173350,ZCZ, s.r.o.,1459923
173351,GreenStyles, a.s.,2825501
173352,Epic Internet a.s.,776049
173353,Martin Nový,2875238
173354,Epic Internet a.s.,2625799
173355,GreenStyles, a.s.,2040984
173356,GreenStyles, a.s.,370028
173357,ZCZ, s.r.o.,547128
173358,Big žirafa s.r.o.,2963940
173359,BlueNet, s.r.o.,1301153
173360,ZCZ, s.r.o.,2960776
173361,Martin Nový,235799
173362,ZCZ, s.r.o.,1800099
173365,ZCZ, s.r.o.,1210257
173368,Valza, a.s.,2235863
173371,Martin Nový,757124
173372,Big žirafa s.r.o.,792307
173373,ZCZ, s.r.o.,725483
173374,Epic Internet a.s.,1239349
173375,ZCZ, s.r.o.,49054
173376,Valza, a.s.,2286368
173377,Martin Nový,2237016
173378,ZCZ, s.r.o.,1953720
173379,ZCZ, s.r.o.,970031
173380,BlueNet, s.r.o.,1476244
173381,ZCZ, s.r.o.,231945
173382,Valza, a.s.,2711458
173383,Big žirafa s.r.o.,2402000
173384,GreenStyles, a.s.,952105
173385,BlueNet, s.r.o.,2366699
173386,Big žirafa s.r.o.,2426725
173388,Martin Nový,1237145
173390,GreenStyles, a.s.,2231152
173391,Epic Internet a.s.,2725828
173392,BlueNet, s.r.o.,1971019
173393,Martin Nový,2925011
173394,BlueNet, s.r.o.,2976855
173395,Big žirafa s.r.o.,1153958
173396,GreenStyles, a.s.,2468079
173399,Epic Internet a.s.,1305616
173400,Epic Internet a.s.,1278804
173401,Martin Nový,111530
173402,Valza, a.s.,1671984
173403,Big žirafa s.r.o.,773277
173406,ZCZ, s.r.o.,1163699
173407,BlueNet, s.r.o.,467490
173408,ZCZ, s.r.o.,1173834
173409,Big žirafa s.r.o.,1034148
173410,Valza, a.s.,1952831
173411,Martin Nový,2854051
173412,ZCZ, s.r.o.,788095
173413,BlueNet, s.r.o.,2433577
173414,Valza, a.s.,2288176
173415,Epic Internet a.s.,1446060
173416,Valza, a.s.,778767
173418,ZCZ, s.r.o.,2245287
173419,BlueNet, s.r.o.,235029
173420,BlueNet, s.r.o.,1689288
173421,Valza, a.s.,2080820
173422,Valza, a.s.,591183
173423,Big žirafa s.r.o.,1971494
173425,ZCZ, s.r.o.,954780
173426,GreenStyles, a.s.,2803995
173427,Valza, a.s.,600682
173431,Valza, a.s.,2156005
173433,Big žirafa s.r.o.,167470
173434,Epic Internet a.s.,102561
173436,ZCZ, s.r.o.,2901001
173437,Martin Nový,2574742
173439,Big žirafa s.r.o.,2693250
173440,GreenStyles, a.s.,240979
173441,ZCZ, s.r.o.,1862521
173442,GreenStyles, a.s.,1140480
173443,ZCZ, s.r.o.,988029
173445,BlueNet, s.r.o.,2168844
173448,BlueNet, s.r.o.,1795021
173450,Big žirafa s.r.o.,1195871
173451,ZCZ, s.r.o.,199670
173453,ZCZ, s.r.o.,2832265
173454,Big žirafa s.r.o.,1254988
173457,Valza, a.s.,2317264
173460,BlueNet, s.r.o.,5057
173461,Big žirafa s.r.o.,601725
173462,ZCZ, s.r.o.,-16574
173464,GreenStyles, a.s.,2752559
173465,Valza, a.s.,2188549
173466,GreenStyles, a.s.,73336
173467,Big žirafa s.r.o.,620397
173468,Big žirafa s.r.o.,1524696
173469,Martin Nový,2650286
173470,Valza, a.s.,238225
173471,Big žirafa s.r.o.,2940608
173472,Epic Internet a.s.,2960362
173473,GreenStyles, a.s.,2198070
173474,ZCZ, s.r.o.,2252518
173476,Martin Nový,2495373
173478,BlueNet, s.r.o.,2522190
173480,GreenStyles, a.s.,242495
173482,ZCZ, s.r.o.,2570501
173486,Martin Nový,510521
173487,Martin Nový,1184616
173489,Big žirafa s.r.o.,348000
173491,Epic Internet a.s.,170700
173492,Valza, a.s.,601170
173493,GreenStyles, a.s.,1307442
173495,BlueNet, s.r.o.,2605315
173496,Valza, a.s.,2174266
173497,Martin Nový,1725701
173500,Martin Nový,313049
173501,Martin Nový,973217
173502,Epic Internet a.s.,2592966
173503,ZCZ, s.r.o.,1572362
173504,Epic Internet a.s.,2917189
173505,ZCZ, s.r.o.,1480325
173511,Epic Internet a.s.,996233
173512,Valza, a.s.,2391395
173513,BlueNet, s.r.o.,176320
173515,GreenStyles, a.s.,2136608
173517,Valza, a.s.,1011199
173518,Martin Nový,1591259
173519,Martin Nový,237228
173520,GreenStyles, a.s.,1572671
173522,BlueNet, s.r.o.,1427938
173524,Martin Nový,2332380
173526,Epic Internet a.s.,435732
173528,ZCZ, s.r.o.,2574591
173529,BlueNet, s.r.o.,2531031
173530,GreenStyles, a.s.,591411
173531,GreenStyles, a.s.,253383
173532,Valza, a.s.,1147166
173533,GreenStyles, a.s.,1113470
173534,GreenStyles, a.s.,674963
173535,GreenStyles, a.s.,2035447
173536,Valza, a.s.,692160
173538,ZCZ, s.r.o.,367745
173539,GreenStyles, a.s.,1985242
173542,ZCZ, s.r.o.,2557082
173543,GreenStyles, a.s.,928814
173544,GreenStyles, a.s.,1405738
173545,Martin Nový,1118419
173546,GreenStyles, a.s.,469613
173547,Epic Internet a.s.,2865760
173548,Big žirafa s.r.o.,1140146
173551,ZCZ, s.r.o.,1881539
173554,BlueNet, s.r.o.,2909492
173555,BlueNet, s.r.o.,554419
173556,Big žirafa s.r.o.,897931
173557,Epic Internet a.s.,2867279
173559,GreenStyles, a.s.,496387
173560,Martin Nový,141267
173561,BlueNet, s.r.o.,2143746
173563,BlueNet, s.r.o.,2281917
173564,Epic Internet a.s.,1791362
173565,Epic Internet a.s.,771237
173567,BlueNet, s.r.o.,2840076
173569,Epic Internet a.s.,2556126
173570,Epic Internet a.s.,964731
173571,Valza, a.s.,804090
173572,Martin Nový,1505293
173574,Valza, a.s.,1250961
173575,Valza, a.s.,1158052
173576,BlueNet, s.r.o.,468352
173577,BlueNet, s.r.o.,1572338
173579,Valza, a.s.,1155762
173580,BlueNet, s.r.o.,2382809
173581,BlueNet, s.r.o.,702011
173582,Martin Nový,2798561
173587,GreenStyles, a.s.,2139407
173588,Big žirafa s.r.o.,2002122
173589,Valza, a.s.,-2044
173590,Valza, a.s.,333399
173591,Martin Nový,142382
173592,ZCZ, s.r.o.,151564
173593,Valza, a.s.,1132659
173594,BlueNet, s.r.o.,2933425
173595,BlueNet, s.r.o.,1897030
173596,ZCZ, s.r.o.,888696
173598,Martin Nový,2119551
173600,BlueNet, s.r.o.,2406285
173601,Big žirafa s.r.o.,3527
173602,GreenStyles, a.s.,1667268
173603,BlueNet, s.r.o.,2916193
173604,Martin Nový,1360657
173605,ZCZ, s.r.o.,1227707
173606,Epic Internet a.s.,2418255
173608,BlueNet, s.r.o.,489520
173609,Valza, a.s.,1860824
173611,Epic Internet a.s.,2352520
173612,ZCZ, s.r.o.,1956494
173614,Martin Nový,1330058
173617,Martin Nový,302589
173618,Martin Nový,2944968
173619,BlueNet, s.r.o.,1436027
173622,Epic Internet a.s.,2239722
173623,BlueNet, s.r.o.,1155781
173624,GreenStyles, a.s.,493450
173625,Martin Nový,954856
173626,Valza, a.s.,719642
173628,ZCZ, s.r.o.,2133386
173630,Big žirafa s.r.o.,1929386
173632,GreenStyles, a.s.,2006409
173633,BlueNet, s.r.o.,2473323
173635,Epic Internet a.s.,470083
173636,BlueNet, s.r.o.,2258555
173637,Big žirafa s.r.o.,2953398
173638,Valza, a.s.,2478179
173641,Epic Internet a.s.,1766493
173642,Epic Internet a.s.,1137733
173645,GreenStyles, a.s.,2873545
173647,Epic Internet a.s.,524997
173648,Epic Internet a.s.,1490368
173649,Valza, a.s.,1260446
173650,ZCZ, s.r.o.,737342
173651,Valza, a.s.,1739052
173652,BlueNet, s.r.o.,2918459
173653,Valza, a.s.,2792890
173654,Valza, a.s.,2971795
173655,GreenStyles, a.s.,726507
173657,Martin Nový,2419259
173658,ZCZ, s.r.o.,2062889
173662,GreenStyles, a.s.,811304
173663,GreenStyles, a.s.,2977485
173664,BlueNet, s.r.o.,568280
173666,Big žirafa s.r.o.,2941374
173668,GreenStyles, a.s.,2262408
173670,Big žirafa s.r.o.,820315
173671,BlueNet, s.r.o.,1679835
173672,Martin Nový,2964483
173674,BlueNet, s.r.o.,2406674
173675,BlueNet, s.r.o.,2040237
173676,Martin Nový,345242
173677,ZCZ, s.r.o.,1623342
173682,Big žirafa s.r.o.,2997675
173685,Valza, a.s.,1209630
173686,Martin Nový,1142794
173687,BlueNet, s.r.o.,1340390
173689,BlueNet, s.r.o.,2317932
173690,Epic Internet a.s.,2996950
173691,Big žirafa s.r.o.,290546
173692,Big žirafa s.r.o.,952930
173694,ZCZ, s.r.o.,2913154
173695,Valza, a.s.,2011144
173696,GreenStyles, a.s.,1370150
173698,BlueNet, s.r.o.,1222606
173699,Big žirafa s.r.o.,964986
173700,Valza, a.s